base_instance,perturbation,change_type,oracle_decision,skip_method_used,z_skip_path,z_true,realized_loss
rand_n10_m10_d3_s42,R_small,TYPE_R,False,recompute,422.17399424,422.17399424,1.346445e-16
rand_n10_m10_d3_s42,R_single,TYPE_R,True,recompute,420.12371153,420.12371153,0.000000e+00
rand_n10_m10_d3_s42,R_small,TYPE_R,False,recompute,422.17399424,422.17399424,1.346445e-16
rand_n10_m10_d3_s42,R_single,TYPE_R,False,recompute,420.12371153,420.12371153,0.000000e+00
rand_n10_m10_d3_s42,R_single,TYPE_R,True,recompute,420.12371153,420.12371153,0.000000e+00
rand_n10_m10_d3_s42,R_medium,TYPE_R,False,recompute,428.32485139,428.32485139,0.000000e+00
rand_n10_m10_d3_s42,R_all,TYPE_R,True,recompute,435.69222577,435.69222577,0.000000e+00
rand_n10_m10_d3_s42,R_medium,TYPE_R,True,recompute,428.32485139,428.32485139,0.000000e+00
rand_n10_m10_d3_s42,R_large,TYPE_R,True,warm_start_dual,431.80856134,431.80856134,0.000000e+00
rand_n10_m10_d3_s42,R_small,TYPE_R,False,recompute,422.17399424,422.17399424,1.346445e-16
rand_n10_m10_d3_s42,R_medium,TYPE_R,True,recompute,428.32485139,428.32485139,0.000000e+00
rand_n10_m10_d3_s42,C_small,TYPE_C,False,recompute,419.44373274,419.44373274,1.355210e-16
rand_n10_m10_d3_s42,C_small,TYPE_C,False,recompute,419.44373274,419.44373274,1.355210e-16
rand_n10_m10_d3_s42,R_all,TYPE_R,True,recompute,435.69222577,435.69222577,0.000000e+00
rand_n10_m10_d3_s42,C_medium,TYPE_C,False,recompute,417.40382513,417.40382513,0.000000e+00
rand_n10_m10_d3_s42,C_small,TYPE_C,False,recompute,419.44373274,419.44373274,1.355210e-16
rand_n10_m10_d3_s42,C_medium,TYPE_C,False,recompute,417.40382513,417.40382513,0.000000e+00
rand_n10_m10_d3_s42,C_medium,TYPE_C,False,recompute,417.40382513,417.40382513,0.000000e+00
rand_n10_m10_d3_s42,RC_small,TYPE_RC,False,recompute,421.22963866,421.22963866,0.000000e+00
rand_n10_m10_d3_s42,C_large,TYPE_C,False,recompute,413.32399621,413.32399621,1.375275e-16
rand_n10_m10_d3_s42,C_large,TYPE_C,False,recompute,413.32399621,413.32399621,1.375275e-16
rand_n10_m10_d3_s42,C_large,TYPE_C,False,recompute,413.32399621,413.32399621,1.375275e-16
rand_n10_m10_d3_s42,RC_small,TYPE_RC,False,recompute,421.22963866,421.22963866,0.000000e+00
rand_n10_m10_d3_s42,RC_small,TYPE_RC,False,recompute,421.22963866,421.22963866,0.000000e+00
rand_n10_m10_d3_s42,RC_medium,TYPE_RC,True,recompute,423.27596336,423.27596336,0.000000e+00
rand_n10_m10_d3_s42,RC_medium,TYPE_RC,True,recompute,423.27596336,423.27596336,0.000000e+00
rand_n10_m10_d3_s42,RC_medium,TYPE_RC,False,recompute,423.27596336,423.27596336,0.000000e+00
rand_n10_m10_d3_s42,RC_large,TYPE_RC,True,warm_start_dual,415.07692042,415.07692042,0.000000e+00
rand_n10_m10_d3_s42,RC_asym_bc,TYPE_RC,False,recompute,412.73050482,412.73050482,1.377253e-16
rand_n10_m10_d3_s42,RC_asym_bc,TYPE_RC,False,recompute,412.73050482,412.73050482,1.377253e-16
rand_n10_m10_d3_s42,RC_asym_bc,TYPE_RC,False,recompute,412.73050482,412.73050482,1.377253e-16
rand_n10_m10_d3_s42,RC_asym_cb,TYPE_RC,True,warm_start_dual,430.13538985,430.13538985,0.000000e+00
rand_n10_m10_d3_s123,R_small,TYPE_R,False,recompute,388.29968792,388.29968792,0.000000e+00
rand_n10_m10_d3_s123,R_small,TYPE_R,False,recompute,388.29968792,388.29968792,0.000000e+00
rand_n10_m10_d3_s123,R_medium,TYPE_R,True,recompute,387.21476526,387.21476526,0.000000e+00
rand_n10_m10_d3_s123,R_small,TYPE_R,False,recompute,388.29968792,388.29968792,0.000000e+00
rand_n10_m10_d3_s123,R_medium,TYPE_R,False,recompute,387.21476526,387.21476526,0.000000e+00
rand_n10_m10_d3_s123,R_large,TYPE_R,True,recompute,385.04491994,385.04491994,0.000000e+00
rand_n10_m10_d3_s123,R_large,TYPE_R,False,recompute,385.04491994,385.04491994,0.000000e+00
rand_n10_m10_d3_s123,R_single,TYPE_R,False,recompute,388.66132868,388.66132868,0.000000e+00
rand_n10_m10_d3_s123,R_single,TYPE_R,False,recompute,388.66132868,388.66132868,0.000000e+00
rand_n10_m10_d3_s123,R_single,TYPE_R,True,recompute,388.66132868,388.66132868,0.000000e+00
rand_n10_m10_d3_s123,R_all,TYPE_R,True,recompute,395.71552439,395.71552439,0.000000e+00
rand_n10_m10_d3_s123,R_all,TYPE_R,True,recompute,395.71552439,395.71552439,0.000000e+00
rand_n10_m10_d3_s123,C_small,TYPE_C,False,recompute,391.99032791,391.99032791,0.000000e+00
rand_n10_m10_d3_s123,C_small,TYPE_C,False,recompute,391.99032791,391.99032791,0.000000e+00
rand_n10_m10_d3_s123,C_medium,TYPE_C,False,recompute,401.97736530,401.97736530,1.414095e-16
rand_n10_m10_d3_s123,R_all,TYPE_R,True,recompute,395.71552439,395.71552439,0.000000e+00
rand_n10_m10_d3_s123,C_medium,TYPE_C,False,recompute,401.97736530,401.97736530,1.414095e-16
rand_n10_m10_d3_s123,C_small,TYPE_C,False,recompute,391.99032791,391.99032791,0.000000e+00
rand_n10_m10_d3_s123,C_medium,TYPE_C,False,recompute,401.97736530,401.97736530,1.414095e-16
rand_n10_m10_d3_s123,C_large,TYPE_C,False,recompute,421.95136406,421.95136406,1.347156e-16
rand_n10_m10_d3_s123,C_large,TYPE_C,False,recompute,421.95136406,421.95136406,1.347156e-16
rand_n10_m10_d3_s123,RC_small,TYPE_RC,False,recompute,381.99272508,381.99272508,1.488076e-16
rand_n10_m10_d3_s123,RC_medium,TYPE_RC,True,recompute,362.08763199,362.08763199,1.569880e-16
rand_n10_m10_d3_s123,RC_medium,TYPE_RC,False,recompute,362.08763199,362.08763199,1.569880e-16
rand_n10_m10_d3_s123,C_large,TYPE_C,False,recompute,421.95136406,421.95136406,1.347156e-16
rand_n10_m10_d3_s123,RC_small,TYPE_RC,False,recompute,381.99272508,381.99272508,1.488076e-16
rand_n10_m10_d3_s123,RC_small,TYPE_RC,False,recompute,381.99272508,381.99272508,1.488076e-16
rand_n10_m10_d3_s123,RC_large,TYPE_RC,True,warm_start,326.53033507,326.53033507,0.000000e+00
rand_n10_m10_d3_s123,RC_large,TYPE_RC,False,warm_start,326.53033507,326.53033507,0.000000e+00
rand_n10_m10_d3_s123,RC_asym_bc,TYPE_RC,False,warm_start,329.88793950,329.88793950,0.000000e+00
rand_n10_m10_d3_s42,R_all,TYPE_R,True,recompute,435.69222577,435.69222577,0.000000e+00
rand_n10_m10_d3_s123,RC_asym_bc,TYPE_RC,False,warm_start,329.88793950,329.88793950,0.000000e+00
rand_n10_m10_d3_s123,RC_asym_bc,TYPE_RC,True,warm_start,329.88793950,329.88793950,0.000000e+00
rand_n10_m10_d3_s123,RC_asym_cb,TYPE_RC,False,recompute,378.81340865,378.81340865,0.000000e+00
rand_n10_m10_d3_s123,RC_asym_cb,TYPE_RC,True,recompute,378.81340865,378.81340865,0.000000e+00
rand_n10_m10_d3_s456,R_small,TYPE_R,False,recompute,334.61713274,334.61713274,1.698760e-16
rand_n10_m10_d3_s456,R_small,TYPE_R,False,recompute,334.61713274,334.61713274,1.698760e-16
rand_n10_m10_d3_s456,R_small,TYPE_R,False,recompute,334.61713274,334.61713274,1.698760e-16
rand_n10_m10_d3_s456,R_medium,TYPE_R,True,recompute,334.17510725,334.17510725,0.000000e+00
rand_n10_m10_d3_s456,R_medium,TYPE_R,False,recompute,334.17510725,334.17510725,0.000000e+00
rand_n10_m10_d3_s456,R_large,TYPE_R,False,recompute,333.29104794,333.29104794,0.000000e+00
rand_n10_m10_d3_s456,R_single,TYPE_R,False,recompute,334.76447505,334.76447505,1.698012e-16
rand_n10_m10_d3_s456,R_single,TYPE_R,False,recompute,334.76447505,334.76447505,1.698012e-16
rand_n10_m10_d3_s456,R_single,TYPE_R,False,recompute,334.76447505,334.76447505,1.698012e-16
rand_n10_m10_d3_s456,R_all,TYPE_R,True,recompute,348.13918430,348.13918430,3.265557e-16
rand_n10_m10_d3_s456,R_all,TYPE_R,True,recompute,348.13918430,348.13918430,3.265557e-16
rand_n10_m10_d3_s456,C_small,TYPE_C,False,recompute,334.07771970,334.07771970,0.000000e+00
rand_n10_m10_d3_s456,R_all,TYPE_R,True,recompute,348.13918430,348.13918430,3.265557e-16
rand_n10_m10_d3_s456,C_small,TYPE_C,False,recompute,334.07771970,334.07771970,0.000000e+00
rand_n10_m10_d3_s456,C_small,TYPE_C,False,recompute,334.07771970,334.07771970,0.000000e+00
rand_n10_m10_d3_s456,C_medium,TYPE_C,False,recompute,332.01746795,332.01746795,0.000000e+00
rand_n10_m10_d3_s456,C_medium,TYPE_C,False,recompute,332.01746795,332.01746795,0.000000e+00
rand_n10_m10_d3_s456,C_medium,TYPE_C,False,recompute,332.01746795,332.01746795,0.000000e+00
rand_n10_m10_d3_s456,C_large,TYPE_C,False,recompute,327.89695921,327.89695921,0.000000e+00
rand_n10_m10_d3_s456,RC_small,TYPE_RC,False,recompute,332.37924413,332.37924413,1.710198e-16
rand_n10_m10_d3_s456,C_large,TYPE_C,False,recompute,327.89695921,327.89695921,0.000000e+00
rand_n10_m10_d3_s456,C_large,TYPE_C,False,recompute,327.89695921,327.89695921,0.000000e+00
rand_n10_m10_d3_s456,RC_medium,TYPE_RC,True,recompute,324.90377941,324.90377941,1.749546e-16
rand_n10_m10_d3_s456,RC_medium,TYPE_RC,False,recompute,324.90377941,324.90377941,1.749546e-16
rand_n10_m10_d3_s456,RC_small,TYPE_RC,False,recompute,332.37924413,332.37924413,1.710198e-16
rand_n10_m10_d3_s456,RC_small,TYPE_RC,False,recompute,332.37924413,332.37924413,1.710198e-16
rand_n10_m10_d3_s456,RC_large,TYPE_RC,True,recompute,308.51327805,308.51327805,0.000000e+00
rand_n10_m10_d3_s456,RC_asym_bc,TYPE_RC,False,recompute,312.23849890,312.23849890,0.000000e+00
rand_n10_m10_d3_s456,RC_asym_bc,TYPE_RC,False,recompute,312.23849890,312.23849890,0.000000e+00
rand_n10_m10_d3_s456,RC_asym_bc,TYPE_RC,False,recompute,312.23849890,312.23849890,0.000000e+00
rand_n10_m10_d3_s789,R_small,TYPE_R,False,recompute,314.50053139,314.50053139,1.807419e-16
rand_n10_m10_d3_s456,RC_asym_cb,TYPE_RC,False,recompute,330.81324508,330.81324508,0.000000e+00
rand_n10_m10_d3_s789,R_small,TYPE_R,False,recompute,314.50053139,314.50053139,1.807419e-16
rand_n10_m10_d3_s789,R_small,TYPE_R,False,recompute,314.50053139,314.50053139,1.807419e-16
rand_n10_m10_d3_s789,R_medium,TYPE_R,True,recompute,319.81262128,319.81262128,1.777398e-16
rand_n10_m10_d3_s789,R_medium,TYPE_R,False,recompute,319.81262128,319.81262128,1.777398e-16
rand_n10_m10_d3_s789,R_medium,TYPE_R,True,recompute,319.81262128,319.81262128,1.777398e-16
rand_n10_m10_d3_s789,R_large,TYPE_R,True,warm_start_dual,329.83224549,329.83224549,0.000000e+00
rand_n10_m10_d3_s789,R_single,TYPE_R,False,recompute,311.89662481,311.89662481,1.822508e-16
rand_n10_m10_d3_s789,R_single,TYPE_R,False,recompute,311.89662481,311.89662481,1.822508e-16
rand_n10_m10_d3_s789,R_all,TYPE_R,True,recompute,323.53964711,323.53964711,1.756923e-16
rand_n10_m10_d3_s789,R_all,TYPE_R,True,recompute,323.53964711,323.53964711,1.756923e-16
rand_n10_m10_d3_s789,R_all,TYPE_R,True,recompute,323.53964711,323.53964711,1.756923e-16
rand_n10_m10_d3_s789,C_small,TYPE_C,False,recompute,316.46607058,316.46607058,3.592386e-16
rand_n10_m10_d3_s789,C_small,TYPE_C,False,recompute,316.46607058,316.46607058,3.592386e-16
rand_n10_m10_d3_s789,C_small,TYPE_C,False,recompute,316.46607058,316.46607058,3.592386e-16
rand_n10_m10_d3_s789,C_medium,TYPE_C,False,recompute,327.67479132,327.67479132,0.000000e+00
rand_n10_m10_d3_s789,C_medium,TYPE_C,False,recompute,327.67479132,327.67479132,0.000000e+00
rand_n10_m10_d3_s789,C_medium,TYPE_C,False,recompute,327.67479132,327.67479132,0.000000e+00
rand_n10_m10_d3_s789,C_large,TYPE_C,False,recompute,350.09225659,350.09225659,1.623670e-16
rand_n10_m10_d3_s789,C_large,TYPE_C,False,recompute,350.09225659,350.09225659,1.623670e-16
rand_n10_m10_d3_s789,RC_small,TYPE_RC,False,recompute,311.41883620,311.41883620,3.650609e-16
rand_n10_m10_d3_s789,C_large,TYPE_C,False,recompute,350.09225659,350.09225659,1.623670e-16
rand_n10_m10_d3_s789,RC_small,TYPE_RC,False,recompute,311.41883620,311.41883620,3.650609e-16
rand_n10_m10_d3_s789,RC_small,TYPE_RC,False,recompute,311.41883620,311.41883620,3.650609e-16
rand_n10_m10_d3_s789,RC_medium,TYPE_RC,True,warm_start,307.26580546,307.26580546,0.000000e+00
rand_n10_m10_d3_s789,RC_medium,TYPE_RC,False,warm_start,307.26580546,307.26580546,0.000000e+00
rand_n10_m10_d3_s789,RC_medium,TYPE_RC,True,warm_start,307.26580546,307.26580546,0.000000e+00
rand_n10_m10_d3_s1024,R_small,TYPE_R,False,recompute,265.14864439,265.14864439,0.000000e+00
rand_n10_m10_d3_s789,RC_asym_cb,TYPE_RC,True,warm_start_dual,326.48268031,326.48268031,3.482171e-16
rand_n10_m10_d3_s1024,R_small,TYPE_R,False,recompute,265.14864439,265.14864439,0.000000e+00
rand_n10_m10_d3_s1024,R_medium,TYPE_R,True,recompute,264.57083499,264.57083499,0.000000e+00
rand_n10_m10_d3_s1024,R_medium,TYPE_R,False,recompute,264.57083499,264.57083499,0.000000e+00
rand_n10_m10_d3_s1024,R_small,TYPE_R,False,recompute,265.14864439,265.14864439,0.000000e+00
rand_n10_m10_d3_s1024,R_single,TYPE_R,False,recompute,265.34124927,265.34124927,2.142276e-16
rand_n10_m10_d3_s1024,R_large,TYPE_R,True,recompute,263.41521357,263.41521357,2.157940e-16
rand_n10_m10_d3_s1024,R_single,TYPE_R,False,recompute,265.34124927,265.34124927,2.142276e-16
rand_n10_m10_d3_s1024,R_large,TYPE_R,False,recompute,263.41521357,263.41521357,2.157940e-16
rand_n10_m10_d3_s1024,C_small,TYPE_C,False,recompute,264.28320623,264.28320623,0.000000e+00
rand_n10_m10_d3_s1024,RC_small,TYPE_RC,False,recompute,265.37606501,265.37606501,2.141995e-16
rand_n10_m10_d3_s1024,RC_small,TYPE_RC,False,recompute,265.37606501,265.37606501,2.141995e-16
rand_n10_m10_d3_s1024,RC_asym_bc,TYPE_RC,False,recompute,267.42260808,267.42260808,0.000000e+00
rand_n10_m10_d3_s1024,RC_asym_cb,TYPE_RC,False,recompute,263.69643176,263.69643176,0.000000e+00
rand_n10_m10_d5_s42,R_small,TYPE_R,False,recompute,421.28424973,421.28424973,0.000000e+00
rand_n10_m10_d5_s42,R_small,TYPE_R,False,recompute,421.28424973,421.28424973,0.000000e+00
rand_n10_m10_d5_s42,R_small,TYPE_R,False,recompute,421.28424973,421.28424973,0.000000e+00
rand_n10_m10_d5_s42,R_medium,TYPE_R,True,recompute,420.82787935,420.82787935,1.350752e-16
rand_n10_m10_d5_s42,R_medium,TYPE_R,False,recompute,420.82787935,420.82787935,1.350752e-16
rand_n10_m10_d5_s42,R_medium,TYPE_R,False,recompute,420.82787935,420.82787935,1.350752e-16
rand_n10_m10_d5_s42,R_large,TYPE_R,True,recompute,419.91513992,419.91513992,0.000000e+00
rand_n10_m10_d5_s42,R_large,TYPE_R,False,recompute,419.91513992,419.91513992,0.000000e+00
rand_n10_m10_d5_s42,R_single,TYPE_R,True,recompute,421.43636982,421.43636982,1.348802e-16
rand_n10_m10_d5_s42,R_single,TYPE_R,False,recompute,421.43636982,421.43636982,1.348802e-16
rand_n10_m10_d5_s42,C_small,TYPE_C,False,recompute,419.28004261,419.28004261,2.711477e-16
rand_n10_m10_d5_s42,C_small,TYPE_C,False,recompute,419.28004261,419.28004261,2.711477e-16
rand_n10_m10_d5_s42,C_medium,TYPE_C,False,recompute,412.81110573,412.81110573,1.376984e-16
rand_n10_m10_d5_s42,C_medium,TYPE_C,False,recompute,412.81110573,412.81110573,1.376984e-16
rand_n10_m10_d5_s42,C_large,TYPE_C,False,recompute,399.87321705,399.87321705,1.421536e-16
rand_n10_m10_d5_s42,C_large,TYPE_C,False,recompute,399.87321705,399.87321705,1.421536e-16
rand_n10_m10_d5_s42,C_large,TYPE_C,False,recompute,399.87321705,399.87321705,1.421536e-16
rand_n10_m10_d5_s42,C_medium,TYPE_C,False,recompute,412.81110573,412.81110573,1.376984e-16
rand_n10_m10_d5_s42,C_small,TYPE_C,False,recompute,419.28004261,419.28004261,2.711477e-16
rand_n10_m10_d5_s42,RC_small,TYPE_RC,False,recompute,421.81424933,421.81424933,1.347594e-16
rand_n10_m10_d5_s42,RC_small,TYPE_RC,False,recompute,421.81424933,421.81424933,1.347594e-16
rand_n10_m10_d5_s42,RC_medium,TYPE_RC,False,recompute,422.15390543,422.15390543,2.693019e-16
rand_n10_m10_d5_s42,RC_small,TYPE_RC,False,recompute,421.81424933,421.81424933,1.347594e-16
rand_n10_m10_d5_s42,RC_medium,TYPE_RC,False,recompute,422.15390543,422.15390543,2.693019e-16
rand_n10_m10_d5_s42,RC_large,TYPE_RC,True,recompute,419.26010512,419.26010512,1.355803e-16
rand_n10_m10_d5_s42,RC_large,TYPE_RC,True,recompute,419.26010512,419.26010512,1.355803e-16
rand_n10_m10_d5_s42,RC_medium,TYPE_RC,True,recompute,422.15390543,422.15390543,2.693019e-16
rand_n10_m10_d5_s42,RC_asym_bc,TYPE_RC,True,recompute,426.58427455,426.58427455,0.000000e+00
rand_n10_m10_d5_s42,RC_asym_bc,TYPE_RC,False,recompute,426.58427455,426.58427455,0.000000e+00
rand_n10_m10_d5_s42,RC_asym_cb,TYPE_RC,True,recompute,419.84963439,419.84963439,1.353899e-16
rand_n10_m10_d5_s42,RC_asym_bc,TYPE_RC,False,recompute,426.58427455,426.58427455,0.000000e+00
rand_n10_m10_d5_s123,R_small,TYPE_R,False,recompute,397.87329265,397.87329265,1.428681e-16
rand_n10_m10_d5_s42,RC_asym_cb,TYPE_RC,False,recompute,419.84963439,419.84963439,1.353899e-16
rand_n10_m10_d5_s123,R_small,TYPE_R,False,recompute,397.87329265,397.87329265,1.428681e-16
rand_n10_m10_d5_s123,R_small,TYPE_R,False,recompute,397.87329265,397.87329265,1.428681e-16
rand_n10_m10_d5_s123,R_medium,TYPE_R,False,recompute,398.22176423,398.22176423,0.000000e+00
rand_n10_m10_d5_s123,R_single,TYPE_R,False,recompute,397.75713296,397.75713296,2.858197e-16
rand_n10_m10_d5_s123,R_single,TYPE_R,False,recompute,397.75713296,397.75713296,2.858197e-16
rand_n10_m10_d5_s123,R_large,TYPE_R,False,recompute,398.91870714,398.91870714,0.000000e+00
rand_n10_m10_d5_s123,C_small,TYPE_C,False,recompute,400.88077224,400.88077224,1.417963e-16
rand_n10_m10_d5_s123,C_small,TYPE_C,False,recompute,400.88077224,400.88077224,1.417963e-16
rand_n10_m10_d5_s123,C_medium,TYPE_C,False,recompute,410.25172978,410.25172978,1.385574e-16
rand_n10_m10_d5_s123,C_medium,TYPE_C,False,recompute,410.25172978,410.25172978,1.385574e-16
rand_n10_m10_d5_s123,C_large,TYPE_C,False,recompute,428.99357887,428.99357887,1.325041e-16
rand_n10_m10_d5_s123,C_large,TYPE_C,False,recompute,428.99357887,428.99357887,1.325041e-16
rand_n10_m10_d5_s123,C_medium,TYPE_C,False,recompute,410.25172978,410.25172978,1.385574e-16
rand_n10_m10_d5_s123,C_large,TYPE_C,False,recompute,428.99357887,428.99357887,1.325041e-16
rand_n10_m10_d5_s123,RC_small,TYPE_RC,False,recompute,392.00660940,392.00660940,0.000000e+00
rand_n10_m10_d5_s123,C_small,TYPE_C,False,recompute,400.88077224,400.88077224,1.417963e-16
rand_n10_m10_d5_s123,RC_small,TYPE_RC,False,recompute,392.00660940,392.00660940,0.000000e+00
rand_n10_m10_d5_s123,RC_small,TYPE_RC,False,recompute,392.00660940,392.00660940,0.000000e+00
rand_n10_m10_d5_s123,RC_medium,TYPE_RC,False,recompute,374.84516140,374.84516140,0.000000e+00
rand_n10_m10_d5_s123,RC_asym_bc,TYPE_RC,False,recompute,339.20661118,339.20661118,1.675776e-16
rand_n10_m10_d5_s123,RC_asym_bc,TYPE_RC,False,recompute,339.20661118,339.20661118,1.675776e-16
rand_n10_m10_d5_s456,R_small,TYPE_R,True,warm_start_dual,300.33771462,300.33771462,0.000000e+00
rand_n10_m10_d5_s123,RC_asym_cb,TYPE_RC,False,recompute,393.11956153,393.11956153,1.445958e-16
rand_n10_m10_d5_s456,R_medium,TYPE_R,True,warm_start_dual,314.10743347,314.10743347,0.000000e+00
rand_n10_m10_d5_s456,R_single,TYPE_R,False,recompute,295.31677287,295.31677287,1.924829e-16
rand_n10_m10_d5_s456,R_single,TYPE_R,False,recompute,295.31677287,295.31677287,1.924829e-16
rand_n10_m10_d5_s456,C_small,TYPE_C,False,recompute,296.74142897,296.74142897,0.000000e+00
rand_n10_m10_d5_s456,C_small,TYPE_C,False,recompute,296.74142897,296.74142897,0.000000e+00
rand_n10_m10_d5_s456,C_small,TYPE_C,False,recompute,296.74142897,296.74142897,0.000000e+00
rand_n10_m10_d5_s456,C_medium,TYPE_C,False,recompute,301.01543033,301.01543033,0.000000e+00
rand_n10_m10_d5_s456,C_medium,TYPE_C,False,recompute,301.01543033,301.01543033,0.000000e+00
rand_n10_m10_d5_s456,C_medium,TYPE_C,False,recompute,301.01543033,301.01543033,0.000000e+00
rand_n10_m10_d5_s456,C_large,TYPE_C,False,recompute,309.56338690,309.56338690,0.000000e+00
rand_n10_m10_d5_s456,RC_small,TYPE_RC,True,warm_start_dual,297.79375817,297.79375817,0.000000e+00
rand_n10_m10_d5_s456,RC_medium,TYPE_RC,True,scratch,303.42490584,303.42490584,0.000000e+00
rand_n10_m10_d5_s789,R_small,TYPE_R,True,recompute,209.67406944,209.67406944,4.066556e-16
rand_n10_m10_d5_s789,R_small,TYPE_R,False,recompute,209.67406944,209.67406944,4.066556e-16
rand_n10_m10_d5_s789,R_small,TYPE_R,True,recompute,209.67406944,209.67406944,4.066556e-16
rand_n10_m10_d5_s789,R_medium,TYPE_R,True,recompute,216.69899028,216.69899028,3.934727e-16
rand_n10_m10_d5_s789,R_medium,TYPE_R,True,recompute,216.69899028,216.69899028,3.934727e-16
rand_n10_m10_d5_s789,R_single,TYPE_R,True,recompute,207.33243035,207.33243035,2.741656e-16
rand_n10_m10_d5_s789,R_single,TYPE_R,False,recompute,207.33243035,207.33243035,2.741656e-16
rand_n10_m10_d5_s789,R_single,TYPE_R,False,recompute,207.33243035,207.33243035,2.741656e-16
rand_n10_m10_d5_s789,C_small,TYPE_C,False,recompute,206.74871252,206.74871252,4.124095e-16
rand_n10_m10_d5_s789,C_small,TYPE_C,False,recompute,206.74871252,206.74871252,4.124095e-16
rand_n10_m10_d5_s789,C_small,TYPE_C,False,recompute,206.74871252,206.74871252,4.124095e-16
rand_n10_m10_d5_s789,C_medium,TYPE_C,False,recompute,204.99752003,204.99752003,4.159325e-16
rand_n10_m10_d5_s789,C_large,TYPE_C,False,recompute,201.49511433,201.49511433,2.821082e-16
rand_n10_m10_d5_s789,C_medium,TYPE_C,False,recompute,204.99752003,204.99752003,4.159325e-16
rand_n10_m10_d5_s789,C_medium,TYPE_C,False,recompute,204.99752003,204.99752003,4.159325e-16
rand_n10_m10_d5_s789,C_large,TYPE_C,False,recompute,201.49511433,201.49511433,2.821082e-16
rand_n10_m10_d5_s789,C_large,TYPE_C,False,recompute,201.49511433,201.49511433,2.821082e-16
rand_n10_m10_d5_s789,RC_small,TYPE_RC,True,recompute,208.02800865,208.02800865,2.732489e-16
rand_n10_m10_d5_s789,RC_small,TYPE_RC,False,recompute,208.02800865,208.02800865,2.732489e-16
rand_n10_m10_d5_s789,RC_small,TYPE_RC,True,recompute,208.02800865,208.02800865,2.732489e-16
rand_n10_m10_d5_s789,RC_medium,TYPE_RC,True,recompute,209.58782226,209.58782226,4.068229e-16
rand_n10_m10_d5_s789,RC_medium,TYPE_RC,True,recompute,209.58782226,209.58782226,4.068229e-16
rand_n10_m10_d5_s789,RC_asym_bc,TYPE_RC,False,warm_start,193.22004636,193.22004636,0.000000e+00
rand_n10_m10_d5_s789,RC_asym_bc,TYPE_RC,True,warm_start,193.22004636,193.22004636,0.000000e+00
rand_n10_m10_d5_s789,RC_asym_bc,TYPE_RC,False,warm_start,193.22004636,193.22004636,0.000000e+00
rand_n10_m10_d5_s1024,R_small,TYPE_R,False,recompute,259.93481130,259.93481130,2.186834e-16
rand_n10_m10_d5_s1024,R_small,TYPE_R,False,recompute,259.93481130,259.93481130,2.186834e-16
rand_n10_m10_d5_s1024,R_small,TYPE_R,False,recompute,259.93481130,259.93481130,2.186834e-16
rand_n10_m10_d5_s1024,R_medium,TYPE_R,True,warm_start_dual,260.29306851,260.29306851,2.183824e-16
rand_n10_m10_d5_s1024,R_medium,TYPE_R,True,warm_start_dual,260.29306851,260.29306851,2.183824e-16
rand_n10_m10_d5_s1024,R_single,TYPE_R,False,warm_start_dual,258.13276719,258.13276719,0.000000e+00
rand_n10_m10_d5_s1024,R_all,TYPE_R,True,recompute,270.10649611,270.10649611,2.104482e-16
rand_n10_m10_d5_s1024,R_all,TYPE_R,True,recompute,270.10649611,270.10649611,2.104482e-16
rand_n10_m10_d5_s1024,R_all,TYPE_R,True,recompute,270.10649611,270.10649611,2.104482e-16
rand_n10_m10_d5_s1024,C_small,TYPE_C,False,recompute,258.65767163,258.65767163,2.197631e-16
rand_n10_m10_d5_s1024,C_medium,TYPE_C,False,warm_start,255.48285072,255.48285072,0.000000e+00
rand_n10_m10_d5_s1024,C_large,TYPE_C,False,warm_start,249.19728817,249.19728817,0.000000e+00
rand_n10_m10_d5_s1024,RC_small,TYPE_RC,False,recompute,260.23979771,260.23979771,0.000000e+00
rand_n10_m10_d5_s1024,C_small,TYPE_C,False,recompute,258.65767163,258.65767163,2.197631e-16
rand_n10_m10_d8_s42,R_small,TYPE_R,False,recompute,467.64122085,467.64122085,1.215535e-16
rand_n10_m10_d8_s42,R_small,TYPE_R,False,recompute,467.64122085,467.64122085,1.215535e-16
rand_n10_m10_d8_s42,R_small,TYPE_R,False,recompute,467.64122085,467.64122085,1.215535e-16
rand_n10_m10_d8_s42,R_medium,TYPE_R,True,recompute,465.94169279,465.94169279,1.219969e-16
rand_n10_m10_d8_s42,R_medium,TYPE_R,False,recompute,465.94169279,465.94169279,1.219969e-16
rand_n10_m10_d8_s42,R_large,TYPE_R,True,recompute,462.54263697,462.54263697,1.228934e-16
rand_n10_m10_d8_s42,R_large,TYPE_R,True,recompute,462.54263697,462.54263697,1.228934e-16
rand_n10_m10_d8_s42,R_medium,TYPE_R,True,recompute,465.94169279,465.94169279,1.219969e-16
rand_n10_m10_d8_s42,R_large,TYPE_R,True,recompute,462.54263697,462.54263697,1.228934e-16
rand_n10_m10_d8_s42,R_single,TYPE_R,False,recompute,468.20772976,468.20772976,1.214064e-16
rand_n10_m10_d8_s42,R_all,TYPE_R,True,recompute,477.16321855,477.16321855,0.000000e+00
rand_n10_m10_d8_s42,R_single,TYPE_R,False,recompute,468.20772976,468.20772976,1.214064e-16
rand_n10_m10_d8_s42,R_single,TYPE_R,True,recompute,468.20772976,468.20772976,1.214064e-16
rand_n10_m10_d8_s42,R_all,TYPE_R,True,recompute,477.16321855,477.16321855,0.000000e+00
rand_n10_m10_d8_s42,R_all,TYPE_R,True,recompute,477.16321855,477.16321855,0.000000e+00
rand_n10_m10_d8_s42,C_small,TYPE_C,False,recompute,466.56023311,466.56023311,0.000000e+00
rand_n10_m10_d8_s42,C_small,TYPE_C,False,recompute,466.56023311,466.56023311,0.000000e+00
rand_n10_m10_d8_s42,C_small,TYPE_C,False,recompute,466.56023311,466.56023311,0.000000e+00
rand_n10_m10_d8_s42,C_medium,TYPE_C,False,recompute,461.61780562,461.61780562,1.231396e-16
rand_n10_m10_d8_s42,C_large,TYPE_C,False,warm_start,451.83708273,451.83708273,0.000000e+00
rand_n10_m10_d8_s42,C_medium,TYPE_C,False,recompute,461.61780562,461.61780562,1.231396e-16
rand_n10_m10_d8_s42,RC_small,TYPE_RC,False,recompute,467.15936833,467.15936833,1.216789e-16
rand_n10_m10_d8_s42,RC_small,TYPE_RC,False,recompute,467.15936833,467.15936833,1.216789e-16
rand_n10_m10_d8_s42,RC_small,TYPE_RC,False,recompute,467.15936833,467.15936833,1.216789e-16
rand_n10_m10_d8_s42,RC_medium,TYPE_RC,False,warm_start,465.15032693,465.15032693,0.000000e+00
rand_n10_m10_d8_s42,RC_medium,TYPE_RC,True,warm_start,465.15032693,465.15032693,0.000000e+00
rand_n10_m10_d8_s42,RC_asym_cb,TYPE_RC,True,recompute,461.85166810,461.85166810,1.230772e-16
rand_n10_m10_d8_s42,RC_asym_cb,TYPE_RC,True,recompute,461.85166810,461.85166810,1.230772e-16
rand_n10_m10_d8_s42,RC_asym_cb,TYPE_RC,True,recompute,461.85166810,461.85166810,1.230772e-16
rand_n10_m10_d8_s123,R_small,TYPE_R,True,recompute,340.26212670,340.26212670,3.341155e-16
rand_n10_m10_d8_s123,R_small,TYPE_R,False,recompute,340.26212670,340.26212670,3.341155e-16
rand_n10_m10_d8_s123,R_small,TYPE_R,False,recompute,340.26212670,340.26212670,3.341155e-16
rand_n10_m10_d8_s123,R_medium,TYPE_R,True,recompute,344.26563507,344.26563507,3.302300e-16
rand_n10_m10_d8_s123,R_medium,TYPE_R,True,recompute,344.26563507,344.26563507,3.302300e-16
rand_n10_m10_d8_s123,R_single,TYPE_R,False,recompute,338.92762595,338.92762595,3.354310e-16
rand_n10_m10_d8_s123,R_single,TYPE_R,False,recompute,338.92762595,338.92762595,3.354310e-16
rand_n10_m10_d8_s123,R_single,TYPE_R,True,recompute,338.92762595,338.92762595,3.354310e-16
rand_n10_m10_d8_s123,R_all,TYPE_R,True,recompute,352.38923798,352.38923798,0.000000e+00
rand_n10_m10_d8_s123,R_all,TYPE_R,True,recompute,352.38923798,352.38923798,0.000000e+00
rand_n10_m10_d8_s123,R_all,TYPE_R,True,recompute,352.38923798,352.38923798,0.000000e+00
rand_n10_m10_d8_s123,C_small,TYPE_C,False,recompute,341.06014821,341.06014821,1.666668e-16
rand_n10_m10_d8_s123,C_small,TYPE_C,False,recompute,341.06014821,341.06014821,1.666668e-16
rand_n10_m10_d8_s123,C_medium,TYPE_C,False,recompute,347.45775233,347.45775233,1.635981e-16
rand_n10_m10_d8_s123,C_small,TYPE_C,False,recompute,341.06014821,341.06014821,1.666668e-16
rand_n10_m10_d8_s123,C_large,TYPE_C,False,recompute,360.25291303,360.25291303,4.733626e-16
rand_n10_m10_d8_s123,C_medium,TYPE_C,False,recompute,347.45775233,347.45775233,1.635981e-16
rand_n10_m10_d8_s123,C_medium,TYPE_C,False,recompute,347.45775233,347.45775233,1.635981e-16
rand_n10_m10_d8_s123,RC_small,TYPE_RC,True,recompute,335.65635202,335.65635202,0.000000e+00
rand_n10_m10_d8_s123,C_large,TYPE_C,False,recompute,360.25291303,360.25291303,4.733626e-16
rand_n10_m10_d8_s123,C_large,TYPE_C,False,recompute,360.25291303,360.25291303,4.733626e-16
rand_n10_m10_d8_s123,RC_small,TYPE_RC,False,recompute,335.65635202,335.65635202,0.000000e+00
rand_n10_m10_d8_s123,RC_small,TYPE_RC,False,recompute,335.65635202,335.65635202,0.000000e+00
rand_n10_m10_d8_s123,RC_medium,TYPE_RC,True,recompute,325.36258577,325.36258577,1.747079e-16
rand_n10_m10_d8_s123,RC_medium,TYPE_RC,True,recompute,325.36258577,325.36258577,1.747079e-16
rand_n10_m10_d8_s123,RC_asym_bc,TYPE_RC,False,recompute,294.20458712,294.20458712,1.932105e-16
rand_n10_m10_d8_s123,RC_asym_bc,TYPE_RC,True,recompute,294.20458712,294.20458712,1.932105e-16
rand_n10_m10_d8_s123,RC_asym_bc,TYPE_RC,False,recompute,294.20458712,294.20458712,1.932105e-16
rand_n10_m10_d8_s456,R_small,TYPE_R,True,recompute,297.38873956,297.38873956,5.734254e-16
rand_n10_m10_d8_s456,R_small,TYPE_R,True,recompute,297.38873956,297.38873956,5.734254e-16
rand_n10_m10_d8_s456,R_medium,TYPE_R,True,warm_start_dual,312.75925731,312.75925731,0.000000e+00
rand_n10_m10_d8_s456,R_small,TYPE_R,True,recompute,297.38873956,297.38873956,5.734254e-16
rand_n10_m10_d8_s456,R_single,TYPE_R,False,recompute,292.14114778,292.14114778,1.945752e-16
rand_n10_m10_d8_s456,R_all,TYPE_R,True,recompute,303.65224996,303.65224996,1.871991e-16
rand_n10_m10_d8_s456,R_single,TYPE_R,False,recompute,292.14114778,292.14114778,1.945752e-16
rand_n10_m10_d8_s456,R_all,TYPE_R,True,recompute,303.65224996,303.65224996,1.871991e-16
rand_n10_m10_d8_s456,R_all,TYPE_R,True,recompute,303.65224996,303.65224996,1.871991e-16
rand_n10_m10_d8_s456,C_small,TYPE_C,False,recompute,291.49699141,291.49699141,0.000000e+00
rand_n10_m10_d8_s456,C_medium,TYPE_C,False,warm_start,292.04427821,292.04427821,1.946397e-16
rand_n10_m10_d8_s456,C_small,TYPE_C,False,recompute,291.49699141,291.49699141,0.000000e+00
rand_n10_m10_d8_s456,C_small,TYPE_C,False,recompute,291.49699141,291.49699141,0.000000e+00
rand_n10_m10_d8_s456,RC_small,TYPE_RC,True,recompute,296.98982157,296.98982157,3.827971e-16
rand_n10_m10_d8_s456,RC_small,TYPE_RC,True,recompute,296.98982157,296.98982157,3.827971e-16
rand_n10_m10_d8_s456,RC_small,TYPE_RC,True,recompute,296.98982157,296.98982157,3.827971e-16
rand_n10_m10_d8_s456,RC_asym_bc,TYPE_RC,True,recompute,293.39986183,293.39986183,5.812213e-16
rand_n10_m10_d8_s789,R_small,TYPE_R,False,recompute,180.82126123,180.82126123,1.571812e-16
rand_n10_m10_d8_s789,R_small,TYPE_R,False,recompute,180.82126123,180.82126123,1.571812e-16
rand_n10_m10_d8_s789,R_single,TYPE_R,False,warm_start_dual,178.67382890,178.67382890,1.590704e-16
rand_n10_m10_d8_s789,R_single,TYPE_R,False,warm_start_dual,178.67382890,178.67382890,1.590704e-16
rand_n10_m10_d8_s789,C_small,TYPE_C,False,recompute,179.52876286,179.52876286,1.583128e-16
rand_n10_m10_d8_s789,C_small,TYPE_C,False,recompute,179.52876286,179.52876286,1.583128e-16
rand_n10_m10_d8_s789,C_small,TYPE_C,False,recompute,179.52876286,179.52876286,1.583128e-16
rand_n10_m10_d8_s789,C_medium,TYPE_C,False,recompute,179.76470250,179.76470250,1.581051e-16
rand_n10_m10_d8_s789,C_medium,TYPE_C,False,recompute,179.76470250,179.76470250,1.581051e-16
rand_n10_m10_d8_s789,C_large,TYPE_C,False,recompute,180.23655913,180.23655913,1.576911e-16
rand_n10_m10_d8_s789,C_large,TYPE_C,False,recompute,180.23655913,180.23655913,1.576911e-16
rand_n10_m10_d8_s789,C_medium,TYPE_C,False,recompute,179.76470250,179.76470250,1.581051e-16
rand_n10_m10_d8_s789,RC_small,TYPE_RC,False,recompute,179.23339136,179.23339136,1.585737e-16
rand_n10_m10_d8_s789,RC_small,TYPE_RC,False,recompute,179.23339136,179.23339136,1.585737e-16
rand_n10_m10_d8_s1024,R_small,TYPE_R,False,recompute,180.77883199,180.77883199,1.572181e-16
rand_n10_m10_d8_s1024,R_small,TYPE_R,True,recompute,180.77883199,180.77883199,1.572181e-16
rand_n10_m10_d8_s1024,R_small,TYPE_R,True,recompute,180.77883199,180.77883199,1.572181e-16
rand_n10_m10_d8_s1024,R_medium,TYPE_R,True,recompute,185.00641348,185.00641348,0.000000e+00
rand_n10_m10_d8_s1024,R_medium,TYPE_R,True,recompute,185.00641348,185.00641348,0.000000e+00
rand_n10_m10_d8_s1024,R_single,TYPE_R,False,recompute,179.36964041,179.36964041,1.584533e-16
rand_n10_m10_d8_s1024,R_single,TYPE_R,True,recompute,179.36964041,179.36964041,1.584533e-16
rand_n10_m10_d8_s1024,R_single,TYPE_R,True,recompute,179.36964041,179.36964041,1.584533e-16
rand_n10_m10_d8_s1024,R_all,TYPE_R,True,recompute,195.94192006,195.94192006,1.450517e-16
rand_n10_m10_d8_s1024,R_all,TYPE_R,True,recompute,195.94192006,195.94192006,1.450517e-16
rand_n10_m10_d8_s1024,R_all,TYPE_R,True,recompute,195.94192006,195.94192006,1.450517e-16
rand_n10_m10_d8_s1024,C_small,TYPE_C,False,recompute,178.53416680,178.53416680,3.183896e-16
rand_n10_m10_d8_s1024,C_small,TYPE_C,False,recompute,178.53416680,178.53416680,3.183896e-16
rand_n10_m10_d8_s1024,C_medium,TYPE_C,False,recompute,176.02778206,176.02778206,3.229230e-16
rand_n10_m10_d8_s1024,C_medium,TYPE_C,False,recompute,176.02778206,176.02778206,3.229230e-16
rand_n10_m10_d8_s1024,C_medium,TYPE_C,False,recompute,176.02778206,176.02778206,3.229230e-16
rand_n10_m10_d8_s1024,C_large,TYPE_C,False,recompute,171.01497091,171.01497091,1.661943e-16
rand_n10_m10_d8_s1024,C_small,TYPE_C,False,recompute,178.53416680,178.53416680,3.183896e-16
rand_n10_m10_d8_s1024,C_large,TYPE_C,False,recompute,171.01497091,171.01497091,1.661943e-16
rand_n10_m10_d8_s1024,RC_small,TYPE_RC,True,recompute,180.64589486,180.64589486,0.000000e+00
rand_n10_m10_d8_s1024,C_large,TYPE_C,False,recompute,171.01497091,171.01497091,1.661943e-16
rand_n10_m10_d8_s1024,RC_small,TYPE_RC,False,recompute,180.64589486,180.64589486,0.000000e+00
rand_n10_m10_d8_s1024,RC_small,TYPE_RC,True,recompute,180.64589486,180.64589486,0.000000e+00
rand_n10_m10_d8_s1024,RC_medium,TYPE_RC,True,recompute,184.24512352,184.24512352,0.000000e+00
rand_n10_m10_d8_s1024,RC_medium,TYPE_RC,True,recompute,184.24512352,184.24512352,0.000000e+00
rand_n10_m10_d8_s1024,RC_asym_bc,TYPE_RC,True,recompute,179.44934572,179.44934572,0.000000e+00
rand_n10_m10_d8_s1024,RC_asym_bc,TYPE_RC,False,recompute,179.44934572,179.44934572,0.000000e+00
rand_n10_m10_d8_s1024,RC_asym_bc,TYPE_RC,True,recompute,179.44934572,179.44934572,0.000000e+00
rand_n10_m20_d3_s42,R_small,TYPE_R,False,recompute,173.10397650,173.10397650,3.283773e-16
rand_n10_m20_d3_s42,R_small,TYPE_R,False,recompute,173.10397650,173.10397650,3.283773e-16
rand_n10_m20_d3_s42,R_small,TYPE_R,False,recompute,173.10397650,173.10397650,3.283773e-16
rand_n10_m20_d3_s42,R_single,TYPE_R,False,recompute,172.34988608,172.34988608,4.947211e-16
rand_n10_m20_d3_s42,R_single,TYPE_R,False,recompute,172.34988608,172.34988608,4.947211e-16
rand_n10_m20_d3_s42,C_small,TYPE_C,False,recompute,171.40260568,171.40260568,6.632737e-16
rand_n10_m20_d3_s42,C_small,TYPE_C,False,recompute,171.40260568,171.40260568,6.632737e-16
rand_n10_m20_d3_s42,C_small,TYPE_C,False,recompute,171.40260568,171.40260568,6.632737e-16
rand_n10_m20_d3_s42,C_medium,TYPE_C,False,recompute,168.56067752,168.56067752,3.372282e-16
rand_n10_m20_d3_s42,C_medium,TYPE_C,False,recompute,168.56067752,168.56067752,3.372282e-16
rand_n10_m20_d3_s42,C_large,TYPE_C,False,recompute,162.87685601,162.87685601,5.234944e-16
rand_n10_m20_d3_s42,C_large,TYPE_C,False,recompute,162.87685601,162.87685601,5.234944e-16
rand_n10_m20_d3_s42,C_large,TYPE_C,False,recompute,162.87685601,162.87685601,5.234944e-16
rand_n10_m20_d3_s42,RC_small,TYPE_RC,False,recompute,175.54486227,175.54486227,3.238114e-16
rand_n10_m20_d3_s42,RC_small,TYPE_RC,False,recompute,175.54486227,175.54486227,3.238114e-16
rand_n10_m20_d3_s42,RC_small,TYPE_RC,False,recompute,175.54486227,175.54486227,3.238114e-16
rand_n10_m20_d3_s42,C_medium,TYPE_C,False,recompute,168.56067752,168.56067752,3.372282e-16
rand_n10_m20_d3_s42,RC_asym_bc,TYPE_RC,False,recompute,197.51311345,197.51311345,1.438978e-16
rand_n10_m20_d3_s42,RC_asym_bc,TYPE_RC,False,recompute,197.51311345,197.51311345,1.438978e-16
rand_n10_m20_d3_s42,RC_asym_bc,TYPE_RC,False,recompute,197.51311345,197.51311345,1.438978e-16
rand_n10_m20_d3_s123,R_small,TYPE_R,True,recompute,219.70667901,219.70667901,3.880862e-16
rand_n10_m20_d3_s123,R_small,TYPE_R,False,recompute,219.70667901,219.70667901,3.880862e-16
rand_n10_m20_d3_s123,R_small,TYPE_R,False,recompute,219.70667901,219.70667901,3.880862e-16
rand_n10_m20_d3_s123,R_single,TYPE_R,False,warm_start_dual,212.11297709,212.11297709,1.339933e-16
rand_n10_m20_d3_s123,R_single,TYPE_R,False,warm_start_dual,212.11297709,212.11297709,1.339933e-16
rand_n10_m20_d3_s123,C_small,TYPE_C,False,recompute,219.06758901,219.06758901,3.892184e-16
rand_n10_m20_d3_s123,C_small,TYPE_C,False,recompute,219.06758901,219.06758901,3.892184e-16
rand_n10_m20_d3_s123,C_medium,TYPE_C,False,recompute,226.19110013,226.19110013,3.769606e-16
rand_n10_m20_d3_s123,C_medium,TYPE_C,False,recompute,226.19110013,226.19110013,3.769606e-16
rand_n10_m20_d3_s123,C_small,TYPE_C,False,recompute,219.06758901,219.06758901,3.892184e-16
rand_n10_m20_d3_s123,RC_small,TYPE_RC,True,recompute,220.05659603,220.05659603,3.874691e-16
rand_n10_m20_d3_s123,RC_small,TYPE_RC,False,recompute,220.05659603,220.05659603,3.874691e-16
rand_n10_m20_d3_s123,RC_small,TYPE_RC,False,recompute,220.05659603,220.05659603,3.874691e-16
rand_n10_m20_d3_s456,R_small,TYPE_R,False,recompute,385.81025812,385.81025812,0.000000e+00
rand_n10_m20_d3_s456,R_small,TYPE_R,False,recompute,385.81025812,385.81025812,0.000000e+00
rand_n10_m20_d3_s456,R_small,TYPE_R,False,recompute,385.81025812,385.81025812,0.000000e+00
rand_n10_m20_d3_s456,R_medium,TYPE_R,True,recompute,382.08744376,382.08744376,0.000000e+00
rand_n10_m20_d3_s456,R_medium,TYPE_R,True,recompute,382.08744376,382.08744376,0.000000e+00
rand_n10_m20_d3_s456,R_single,TYPE_R,False,recompute,387.05119684,387.05119684,0.000000e+00
rand_n10_m20_d3_s456,R_single,TYPE_R,False,recompute,387.05119684,387.05119684,0.000000e+00
rand_n10_m20_d3_s456,R_single,TYPE_R,False,recompute,387.05119684,387.05119684,0.000000e+00
rand_n10_m20_d3_s456,R_all,TYPE_R,True,recompute,398.55176000,398.55176000,1.426249e-16
rand_n10_m20_d3_s456,R_all,TYPE_R,True,recompute,398.55176000,398.55176000,1.426249e-16
rand_n10_m20_d3_s456,R_all,TYPE_R,True,recompute,398.55176000,398.55176000,1.426249e-16
rand_n10_m20_d3_s456,C_small,TYPE_C,False,recompute,391.79665050,391.79665050,0.000000e+00
rand_n10_m20_d3_s456,C_small,TYPE_C,False,recompute,391.79665050,391.79665050,0.000000e+00
rand_n10_m20_d3_s456,C_small,TYPE_C,False,recompute,391.79665050,391.79665050,0.000000e+00
rand_n10_m20_d3_s456,C_medium,TYPE_C,False,recompute,406.03297480,406.03297480,0.000000e+00
rand_n10_m20_d3_s456,C_medium,TYPE_C,False,recompute,406.03297480,406.03297480,0.000000e+00
rand_n10_m20_d3_s456,C_medium,TYPE_C,False,recompute,406.03297480,406.03297480,0.000000e+00
rand_n10_m20_d3_s456,C_large,TYPE_C,False,recompute,434.50560968,434.50560968,1.308232e-16
rand_n10_m20_d3_s456,C_large,TYPE_C,False,recompute,434.50560968,434.50560968,1.308232e-16
rand_n10_m20_d3_s456,RC_small,TYPE_RC,False,recompute,384.80288831,384.80288831,1.477209e-16
rand_n10_m20_d3_s456,C_large,TYPE_C,False,recompute,434.50560968,434.50560968,1.308232e-16
rand_n10_m20_d3_s456,RC_medium,TYPE_RC,True,recompute,377.36825556,377.36825556,3.012623e-16
rand_n10_m20_d3_s456,RC_small,TYPE_RC,False,recompute,384.80288831,384.80288831,1.477209e-16
rand_n10_m20_d3_s456,RC_small,TYPE_RC,False,recompute,384.80288831,384.80288831,1.477209e-16
rand_n10_m20_d3_s456,RC_medium,TYPE_RC,True,recompute,377.36825556,377.36825556,3.012623e-16
rand_n10_m20_d3_s456,RC_asym_bc,TYPE_RC,False,recompute,375.73661823,375.73661823,1.512853e-16
rand_n10_m20_d3_s456,RC_asym_bc,TYPE_RC,False,recompute,375.73661823,375.73661823,1.512853e-16
rand_n10_m20_d3_s456,RC_asym_bc,TYPE_RC,False,recompute,375.73661823,375.73661823,1.512853e-16
rand_n10_m20_d3_s789,R_small,TYPE_R,True,recompute,294.51729638,294.51729638,0.000000e+00
rand_n10_m20_d3_s789,R_small,TYPE_R,False,recompute,294.51729638,294.51729638,0.000000e+00
rand_n10_m20_d3_s789,R_small,TYPE_R,False,recompute,294.51729638,294.51729638,0.000000e+00
rand_n10_m20_d3_s789,R_medium,TYPE_R,True,recompute,284.90914380,284.90914380,0.000000e+00
rand_n10_m20_d3_s789,R_medium,TYPE_R,True,recompute,284.90914380,284.90914380,0.000000e+00
rand_n10_m20_d3_s789,R_large,TYPE_R,True,recompute,265.69283282,265.69283282,4.278882e-16
rand_n10_m20_d3_s789,R_medium,TYPE_R,True,recompute,284.90914380,284.90914380,0.000000e+00
rand_n10_m20_d3_s789,R_single,TYPE_R,False,recompute,282.65399290,282.65399290,0.000000e+00
rand_n10_m20_d3_s789,R_single,TYPE_R,True,recompute,282.65399290,282.65399290,0.000000e+00
rand_n10_m20_d3_s789,R_large,TYPE_R,True,recompute,265.69283282,265.69283282,4.278882e-16
rand_n10_m20_d3_s789,R_single,TYPE_R,False,recompute,282.65399290,282.65399290,0.000000e+00
rand_n10_m20_d3_s789,C_small,TYPE_C,False,recompute,296.39955791,296.39955791,1.917797e-16
rand_n10_m20_d3_s789,C_small,TYPE_C,False,recompute,296.39955791,296.39955791,1.917797e-16
rand_n10_m20_d3_s789,C_medium,TYPE_C,False,recompute,292.43823232,292.43823232,1.943775e-16
rand_n10_m20_d3_s789,C_small,TYPE_C,False,recompute,296.39955791,296.39955791,1.917797e-16
rand_n10_m20_d3_s789,C_medium,TYPE_C,False,recompute,292.43823232,292.43823232,1.943775e-16
rand_n10_m20_d3_s789,C_medium,TYPE_C,False,recompute,292.43823232,292.43823232,1.943775e-16
rand_n10_m20_d3_s789,C_large,TYPE_C,False,recompute,284.51556156,284.51556156,0.000000e+00
rand_n10_m20_d3_s789,C_large,TYPE_C,False,recompute,284.51556156,284.51556156,0.000000e+00
rand_n10_m20_d3_s789,RC_small,TYPE_RC,True,recompute,296.64712597,296.64712597,0.000000e+00
rand_n10_m20_d3_s789,C_large,TYPE_C,False,recompute,284.51556156,284.51556156,0.000000e+00
rand_n10_m20_d3_s789,RC_small,TYPE_RC,False,recompute,296.64712597,296.64712597,0.000000e+00
rand_n10_m20_d3_s789,RC_small,TYPE_RC,False,recompute,296.64712597,296.64712597,0.000000e+00
rand_n10_m20_d3_s789,RC_medium,TYPE_RC,True,recompute,293.90611557,293.90611557,0.000000e+00
rand_n10_m20_d3_s789,RC_large,TYPE_RC,True,recompute,290.57318446,290.57318446,1.956251e-16
rand_n10_m20_d3_s789,RC_asym_bc,TYPE_RC,True,recompute,315.81570521,315.81570521,0.000000e+00
rand_n10_m20_d3_s789,RC_large,TYPE_RC,True,recompute,290.57318446,290.57318446,1.956251e-16
rand_n10_m20_d3_s789,RC_medium,TYPE_RC,True,recompute,293.90611557,293.90611557,0.000000e+00
rand_n10_m20_d3_s789,RC_asym_bc,TYPE_RC,False,recompute,315.81570521,315.81570521,0.000000e+00
rand_n10_m20_d3_s789,RC_medium,TYPE_RC,True,recompute,293.90611557,293.90611557,0.000000e+00
rand_n10_m20_d3_s789,RC_asym_bc,TYPE_RC,False,recompute,315.81570521,315.81570521,0.000000e+00
rand_n10_m20_d3_s789,RC_asym_cb,TYPE_RC,True,recompute,268.18085867,268.18085867,2.119593e-16
rand_n10_m20_d3_s789,RC_asym_cb,TYPE_RC,True,recompute,268.18085867,268.18085867,2.119593e-16
rand_n10_m20_d3_s1024,R_small,TYPE_R,False,recompute,382.18998074,382.18998074,0.000000e+00
rand_n10_m20_d3_s1024,R_small,TYPE_R,False,recompute,382.18998074,382.18998074,0.000000e+00
rand_n10_m20_d3_s1024,R_medium,TYPE_R,True,recompute,377.49271275,377.49271275,1.505815e-16
rand_n10_m20_d3_s1024,R_small,TYPE_R,False,recompute,382.18998074,382.18998074,0.000000e+00
rand_n10_m20_d3_s1024,R_large,TYPE_R,True,recompute,368.09815392,368.09815392,0.000000e+00
rand_n10_m20_d3_s1024,R_medium,TYPE_R,True,recompute,377.49271275,377.49271275,1.505815e-16
rand_n10_m20_d3_s1024,R_single,TYPE_R,False,recompute,383.75574453,383.75574453,0.000000e+00
rand_n10_m20_d3_s1024,R_all,TYPE_R,True,recompute,398.96179829,398.96179829,0.000000e+00
rand_n10_m20_d3_s1024,R_all,TYPE_R,True,recompute,398.96179829,398.96179829,0.000000e+00
rand_n10_m20_d3_s1024,R_all,TYPE_R,True,recompute,398.96179829,398.96179829,0.000000e+00
rand_n10_m20_d3_s1024,R_single,TYPE_R,False,recompute,383.75574453,383.75574453,0.000000e+00
rand_n10_m20_d3_s1024,R_single,TYPE_R,False,recompute,383.75574453,383.75574453,0.000000e+00
rand_n10_m20_d3_s1024,C_medium,TYPE_C,False,recompute,384.35350025,384.35350025,0.000000e+00
rand_n10_m20_d3_s1024,C_small,TYPE_C,False,recompute,383.90519327,383.90519327,2.961326e-16
rand_n10_m20_d3_s1024,C_small,TYPE_C,False,recompute,383.90519327,383.90519327,2.961326e-16
rand_n10_m20_d3_s1024,C_small,TYPE_C,False,recompute,383.90519327,383.90519327,2.961326e-16
rand_n10_m20_d3_s1024,C_medium,TYPE_C,False,recompute,384.35350025,384.35350025,0.000000e+00
rand_n10_m20_d3_s1024,C_large,TYPE_C,False,recompute,385.25011555,385.25011555,1.475494e-16
rand_n10_m20_d3_s1024,C_medium,TYPE_C,False,recompute,384.35350025,384.35350025,0.000000e+00
rand_n10_m20_d3_s1024,RC_small,TYPE_RC,False,recompute,387.51711891,387.51711891,2.933724e-16
rand_n10_m20_d3_s1024,RC_small,TYPE_RC,False,recompute,387.51711891,387.51711891,2.933724e-16
rand_n10_m20_d3_s1024,RC_small,TYPE_RC,False,recompute,387.51711891,387.51711891,2.933724e-16
rand_n10_m20_d3_s1024,C_large,TYPE_C,False,recompute,385.25011555,385.25011555,1.475494e-16
rand_n10_m20_d3_s1024,RC_medium,TYPE_RC,True,recompute,398.85765136,398.85765136,0.000000e+00
rand_n10_m20_d3_s1024,RC_medium,TYPE_RC,True,recompute,398.85765136,398.85765136,0.000000e+00
rand_n10_m20_d3_s1024,C_large,TYPE_C,False,recompute,385.25011555,385.25011555,1.475494e-16
rand_n10_m20_d3_s1024,RC_asym_bc,TYPE_RC,False,recompute,435.46113231,435.46113231,0.000000e+00
rand_n10_m20_d3_s1024,RC_asym_bc,TYPE_RC,False,recompute,435.46113231,435.46113231,0.000000e+00
rand_n10_m20_d3_s1024,RC_large,TYPE_RC,True,recompute,421.79285639,421.79285639,0.000000e+00
rand_n10_m20_d3_s1024,RC_asym_cb,TYPE_RC,True,recompute,373.46764843,373.46764843,1.522044e-16
rand_n10_m20_d5_s42,R_small,TYPE_R,False,recompute,254.29762019,254.29762019,4.470621e-16
rand_n10_m20_d5_s42,R_small,TYPE_R,True,recompute,254.29762019,254.29762019,4.470621e-16
rand_n10_m20_d5_s42,R_small,TYPE_R,False,recompute,254.29762019,254.29762019,4.470621e-16
rand_n10_m20_d5_s42,R_single,TYPE_R,False,recompute,252.93557813,252.93557813,4.494695e-16
rand_n10_m20_d5_s42,R_single,TYPE_R,False,recompute,252.93557813,252.93557813,4.494695e-16
rand_n10_m20_d5_s42,C_small,TYPE_C,False,recompute,253.37146346,253.37146346,5.608704e-16
rand_n10_m20_d5_s42,C_small,TYPE_C,False,recompute,253.37146346,253.37146346,5.608704e-16
rand_n10_m20_d5_s42,C_small,TYPE_C,False,recompute,253.37146346,253.37146346,5.608704e-16
rand_n10_m20_d5_s42,C_medium,TYPE_C,False,recompute,254.67909884,254.67909884,5.579906e-16
rand_n10_m20_d5_s42,RC_small,TYPE_RC,True,warm_start,254.88596189,254.88596189,0.000000e+00
rand_n10_m20_d5_s42,C_medium,TYPE_C,False,recompute,254.67909884,254.67909884,5.579906e-16
rand_n10_m20_d5_s42,RC_small,TYPE_RC,False,warm_start,254.88596189,254.88596189,0.000000e+00
rand_n10_m20_d5_s123,R_small,TYPE_R,True,recompute,263.14579871,263.14579871,0.000000e+00
rand_n10_m20_d5_s123,R_small,TYPE_R,False,recompute,263.14579871,263.14579871,0.000000e+00
rand_n10_m20_d5_s123,R_small,TYPE_R,False,recompute,263.14579871,263.14579871,0.000000e+00
rand_n10_m20_d5_s123,R_single,TYPE_R,False,warm_start_dual,258.25328359,258.25328359,0.000000e+00
rand_n10_m20_d5_s123,R_all,TYPE_R,True,recompute,274.64622046,274.64622046,0.000000e+00
rand_n10_m20_d5_s123,R_single,TYPE_R,False,warm_start_dual,258.25328359,258.25328359,0.000000e+00
rand_n10_m20_d5_s123,R_all,TYPE_R,True,recompute,274.64622046,274.64622046,0.000000e+00
rand_n10_m20_d5_s123,C_small,TYPE_C,False,recompute,265.51973098,265.51973098,4.281672e-16
rand_n10_m20_d5_s123,C_small,TYPE_C,False,recompute,265.51973098,265.51973098,4.281672e-16
rand_n10_m20_d5_s123,C_small,TYPE_C,False,recompute,265.51973098,265.51973098,4.281672e-16
rand_n10_m20_d5_s123,R_all,TYPE_R,True,recompute,274.64622046,274.64622046,0.000000e+00
rand_n10_m20_d5_s123,C_medium,TYPE_C,False,recompute,272.58795414,272.58795414,4.170648e-16
rand_n10_m20_d5_s123,C_medium,TYPE_C,False,recompute,272.58795414,272.58795414,4.170648e-16
rand_n10_m20_d5_s123,C_large,TYPE_C,False,recompute,286.72441839,286.72441839,3.965021e-16
rand_n10_m20_d5_s123,RC_small,TYPE_RC,False,recompute,262.53306115,262.53306115,2.165191e-16
rand_n10_m20_d5_s123,RC_small,TYPE_RC,False,recompute,262.53306115,262.53306115,2.165191e-16
rand_n10_m20_d5_s123,RC_small,TYPE_RC,True,recompute,262.53306115,262.53306115,2.165191e-16
rand_n10_m20_d5_s456,R_small,TYPE_R,False,recompute,325.55542006,325.55542006,3.492089e-16
rand_n10_m20_d5_s456,R_small,TYPE_R,False,recompute,325.55542006,325.55542006,3.492089e-16
rand_n10_m20_d5_s456,R_single,TYPE_R,False,recompute,323.31767287,323.31767287,7.032516e-16
rand_n10_m20_d5_s456,R_single,TYPE_R,False,recompute,323.31767287,323.31767287,7.032516e-16
rand_n10_m20_d5_s456,R_single,TYPE_R,False,recompute,323.31767287,323.31767287,7.032516e-16
rand_n10_m20_d5_s456,C_small,TYPE_C,False,recompute,320.85744131,320.85744131,3.543220e-16
rand_n10_m20_d5_s456,C_small,TYPE_C,False,recompute,320.85744131,320.85744131,3.543220e-16
rand_n10_m20_d5_s456,C_small,TYPE_C,False,recompute,320.85744131,320.85744131,3.543220e-16
rand_n10_m20_d5_s456,C_medium,TYPE_C,False,recompute,313.47670374,313.47670374,3.626644e-16
rand_n10_m20_d5_s456,C_medium,TYPE_C,False,recompute,313.47670374,313.47670374,3.626644e-16
rand_n10_m20_d5_s456,C_medium,TYPE_C,False,recompute,313.47670374,313.47670374,3.626644e-16
rand_n10_m20_d5_s456,C_large,TYPE_C,False,recompute,298.71521420,298.71521420,1.902930e-16
rand_n10_m20_d5_s456,C_large,TYPE_C,False,recompute,298.71521420,298.71521420,1.902930e-16
rand_n10_m20_d5_s456,RC_small,TYPE_RC,False,recompute,328.86529403,328.86529403,5.185414e-16
rand_n10_m20_d5_s456,C_large,TYPE_C,False,recompute,298.71521420,298.71521420,1.902930e-16
rand_n10_m20_d5_s456,RC_small,TYPE_RC,False,recompute,328.86529403,328.86529403,5.185414e-16
rand_n10_m20_d5_s456,RC_asym_bc,TYPE_RC,False,recompute,358.65396455,358.65396455,3.169820e-16
rand_n10_m20_d5_s456,RC_asym_bc,TYPE_RC,False,recompute,358.65396455,358.65396455,3.169820e-16
rand_n10_m20_d5_s789,R_small,TYPE_R,False,warm_start_dual,230.18935712,230.18935712,1.234710e-16
rand_n10_m20_d5_s789,R_single,TYPE_R,False,warm_start_dual,211.80570807,211.80570807,0.000000e+00
rand_n10_m20_d5_s789,R_single,TYPE_R,False,warm_start_dual,211.80570807,211.80570807,0.000000e+00
rand_n10_m20_d5_s789,C_small,TYPE_C,False,warm_start,235.10072427,235.10072427,0.000000e+00
rand_n10_m20_d5_s789,C_medium,TYPE_C,False,warm_start,233.29074470,233.29074470,0.000000e+00
rand_n10_m20_d5_s1024,R_small,TYPE_R,False,recompute,280.02196851,280.02196851,0.000000e+00
rand_n10_m20_d5_s1024,R_small,TYPE_R,False,recompute,280.02196851,280.02196851,0.000000e+00
rand_n10_m20_d5_s1024,R_medium,TYPE_R,True,warm_start_dual,288.12131196,288.12131196,1.972899e-16
rand_n10_m20_d5_s1024,R_single,TYPE_R,True,recompute,278.99706436,278.99706436,4.074840e-16
rand_n10_m20_d5_s1024,R_single,TYPE_R,False,recompute,278.99706436,278.99706436,4.074840e-16
rand_n10_m20_d5_s1024,R_single,TYPE_R,False,recompute,278.99706436,278.99706436,4.074840e-16
rand_n10_m20_d5_s1024,R_all,TYPE_R,True,recompute,298.80209666,298.80209666,0.000000e+00
rand_n10_m20_d5_s1024,R_all,TYPE_R,True,recompute,298.80209666,298.80209666,0.000000e+00
rand_n10_m20_d5_s1024,R_all,TYPE_R,True,recompute,298.80209666,298.80209666,0.000000e+00
rand_n10_m20_d5_s1024,C_small,TYPE_C,False,recompute,276.25950956,276.25950956,0.000000e+00
rand_n10_m20_d5_s1024,C_small,TYPE_C,False,recompute,276.25950956,276.25950956,0.000000e+00
rand_n10_m20_d5_s1024,C_medium,TYPE_C,False,recompute,273.12056513,273.12056513,2.081257e-16
rand_n10_m20_d5_s1024,C_small,TYPE_C,False,recompute,276.25950956,276.25950956,0.000000e+00
rand_n10_m20_d5_s1024,C_large,TYPE_C,False,warm_start,268.60565100,268.60565100,0.000000e+00
rand_n10_m20_d5_s1024,C_medium,TYPE_C,False,recompute,273.12056513,273.12056513,2.081257e-16
rand_n10_m20_d5_s1024,C_large,TYPE_C,False,warm_start,268.60565100,268.60565100,0.000000e+00
rand_n10_m20_d5_s1024,C_large,TYPE_C,False,warm_start,268.60565100,268.60565100,0.000000e+00
rand_n10_m20_d5_s1024,C_medium,TYPE_C,False,recompute,273.12056513,273.12056513,2.081257e-16
rand_n10_m20_d5_s1024,RC_small,TYPE_RC,False,recompute,282.31445953,282.31445953,0.000000e+00
rand_n10_m20_d5_s1024,RC_small,TYPE_RC,False,recompute,282.31445953,282.31445953,0.000000e+00
rand_n10_m20_d5_s1024,RC_medium,TYPE_RC,True,warm_start_dual,297.60289140,297.60289140,1.910043e-16
rand_n10_m20_d5_s1024,RC_asym_bc,TYPE_RC,False,recompute,302.94708929,302.94708929,0.000000e+00
rand_n10_m20_d5_s1024,RC_asym_bc,TYPE_RC,False,recompute,302.94708929,302.94708929,0.000000e+00
rand_n10_m20_d8_s42,R_small,TYPE_R,True,recompute,216.98800540,216.98800540,1.309829e-16
rand_n10_m20_d8_s42,R_small,TYPE_R,True,recompute,216.98800540,216.98800540,1.309829e-16
rand_n10_m20_d8_s42,R_medium,TYPE_R,True,warm_start_dual,222.53844466,222.53844466,6.385798e-16
rand_n10_m20_d8_s42,R_small,TYPE_R,False,recompute,216.98800540,216.98800540,1.309829e-16
rand_n10_m20_d8_s42,R_medium,TYPE_R,True,warm_start_dual,222.53844466,222.53844466,6.385798e-16
rand_n10_m20_d8_s42,R_single,TYPE_R,False,recompute,214.27375081,214.27375081,1.326420e-16
rand_n10_m20_d8_s42,R_single,TYPE_R,False,recompute,214.27375081,214.27375081,1.326420e-16
rand_n10_m20_d8_s42,C_small,TYPE_C,False,recompute,214.31041404,214.31041404,1.326194e-16
rand_n10_m20_d8_s42,C_small,TYPE_C,False,recompute,214.31041404,214.31041404,1.326194e-16
rand_n10_m20_d8_s42,C_small,TYPE_C,False,recompute,214.31041404,214.31041404,1.326194e-16
rand_n10_m20_d8_s42,C_medium,TYPE_C,False,recompute,214.42038297,214.42038297,3.976540e-16
rand_n10_m20_d8_s42,C_medium,TYPE_C,True,recompute,214.42038297,214.42038297,3.976540e-16
rand_n10_m20_d8_s42,C_large,TYPE_C,False,warm_start,218.65830508,218.65830508,3.899469e-16
rand_n10_m20_d8_s42,C_medium,TYPE_C,False,recompute,214.42038297,214.42038297,3.976540e-16
rand_n10_m20_d8_s42,RC_small,TYPE_RC,True,recompute,216.96255064,216.96255064,0.000000e+00
rand_n10_m20_d8_s42,RC_small,TYPE_RC,True,recompute,216.96255064,216.96255064,0.000000e+00
rand_n10_m20_d8_s42,RC_small,TYPE_RC,False,recompute,216.96255064,216.96255064,0.000000e+00
rand_n10_m20_d8_s42,RC_medium,TYPE_RC,True,warm_start_dual,224.50035523,224.50035523,0.000000e+00
rand_n10_m20_d8_s42,RC_asym_bc,TYPE_RC,True,warm_start,219.13462882,219.13462882,7.781986e-16
rand_n10_m20_d8_s123,R_small,TYPE_R,False,warm_start_dual,239.59602117,239.59602117,3.558704e-16
rand_n10_m20_d8_s123,R_small,TYPE_R,True,warm_start_dual,239.59602117,239.59602117,3.558704e-16
rand_n10_m20_d8_s123,R_single,TYPE_R,True,warm_start_dual,225.97556537,225.97556537,1.257734e-16
rand_n10_m20_d8_s123,C_small,TYPE_C,False,recompute,246.93758961,246.93758961,4.603869e-16
rand_n10_m20_d8_s123,C_small,TYPE_C,False,recompute,246.93758961,246.93758961,4.603869e-16
rand_n10_m20_d8_s123,C_small,TYPE_C,False,recompute,246.93758961,246.93758961,4.603869e-16
rand_n10_m20_d8_s123,C_medium,TYPE_C,False,recompute,253.51122457,253.51122457,4.484489e-16
rand_n10_m20_d8_s123,RC_small,TYPE_RC,False,warm_start_dual,239.27461361,239.27461361,2.375656e-16
rand_n10_m20_d8_s456,R_small,TYPE_R,False,recompute,244.49131439,244.49131439,0.000000e+00
rand_n10_m20_d8_s456,R_small,TYPE_R,False,recompute,244.49131439,244.49131439,0.000000e+00
rand_n10_m20_d8_s456,R_medium,TYPE_R,True,warm_start_dual,242.24052391,242.24052391,4.693139e-16
rand_n10_m20_d8_s456,R_small,TYPE_R,False,recompute,244.49131439,244.49131439,0.000000e+00
rand_n10_m20_d8_s456,R_medium,TYPE_R,True,warm_start_dual,242.24052391,242.24052391,4.693139e-16
rand_n10_m20_d8_s456,R_single,TYPE_R,False,recompute,245.11898181,245.11898181,1.159507e-16
rand_n10_m20_d8_s456,R_single,TYPE_R,False,recompute,245.11898181,245.11898181,1.159507e-16
rand_n10_m20_d8_s456,R_single,TYPE_R,False,recompute,245.11898181,245.11898181,1.159507e-16
rand_n10_m20_d8_s456,C_small,TYPE_C,False,recompute,243.87917159,243.87917159,0.000000e+00
rand_n10_m20_d8_s456,C_small,TYPE_C,False,recompute,243.87917159,243.87917159,0.000000e+00
rand_n10_m20_d8_s456,C_medium,TYPE_C,False,recompute,240.15969997,240.15969997,1.183450e-16
rand_n10_m20_d8_s456,C_small,TYPE_C,False,recompute,243.87917159,243.87917159,0.000000e+00
rand_n10_m20_d8_s456,RC_small,TYPE_RC,False,recompute,246.84363650,246.84363650,1.151405e-16
rand_n10_m20_d8_s456,RC_small,TYPE_RC,False,recompute,246.84363650,246.84363650,1.151405e-16
rand_n10_m20_d8_s456,RC_small,TYPE_RC,False,recompute,246.84363650,246.84363650,1.151405e-16
rand_n10_m20_d8_s789,R_small,TYPE_R,True,recompute,192.19715986,192.19715986,0.000000e+00
rand_n10_m20_d8_s789,R_small,TYPE_R,False,recompute,192.19715986,192.19715986,0.000000e+00
rand_n10_m20_d8_s789,R_small,TYPE_R,False,recompute,192.19715986,192.19715986,0.000000e+00
rand_n10_m20_d8_s789,R_medium,TYPE_R,True,recompute,176.70645150,176.70645150,3.216828e-16
rand_n10_m20_d8_s789,R_all,TYPE_R,True,recompute,215.35837391,215.35837391,1.319740e-16
rand_n10_m20_d8_s789,R_all,TYPE_R,True,recompute,215.35837391,215.35837391,1.319740e-16
rand_n10_m20_d8_s789,R_single,TYPE_R,False,warm_start_dual,183.38307111,183.38307111,0.000000e+00
rand_n10_m20_d8_s789,R_single,TYPE_R,False,warm_start_dual,183.38307111,183.38307111,0.000000e+00
rand_n10_m20_d8_s789,R_all,TYPE_R,True,recompute,215.35837391,215.35837391,1.319740e-16
rand_n10_m20_d8_s1024,R_small,TYPE_R,True,warm_start_dual,245.68999906,245.68999906,4.627247e-16
rand_n10_m20_d8_s1024,R_small,TYPE_R,True,warm_start_dual,245.68999906,245.68999906,4.627247e-16
rand_n10_m20_d8_s1024,R_single,TYPE_R,False,recompute,241.05915314,241.05915314,1.179035e-16
rand_n10_m20_d8_s1024,RC_small,TYPE_RC,True,warm_start_dual,248.15464762,248.15464762,4.581290e-16
rand_n20_m20_d3_s42,R_small,TYPE_R,False,recompute,525.89038694,525.89038694,0.000000e+00
rand_n20_m20_d3_s42,R_small,TYPE_R,False,recompute,525.89038694,525.89038694,0.000000e+00
rand_n20_m20_d3_s42,R_medium,TYPE_R,False,recompute,527.67909193,527.67909193,2.154469e-16
rand_n20_m20_d3_s42,R_medium,TYPE_R,False,recompute,527.67909193,527.67909193,2.154469e-16
rand_n20_m20_d3_s42,R_medium,TYPE_R,True,recompute,527.67909193,527.67909193,2.154469e-16
rand_n20_m20_d3_s42,R_small,TYPE_R,False,recompute,525.89038694,525.89038694,0.000000e+00
rand_n20_m20_d3_s42,R_single,TYPE_R,False,recompute,525.29415719,525.29415719,4.328502e-16
rand_n20_m20_d3_s42,R_single,TYPE_R,False,recompute,525.29415719,525.29415719,4.328502e-16
rand_n20_m20_d3_s42,R_single,TYPE_R,False,recompute,525.29415719,525.29415719,4.328502e-16
rand_n20_m20_d3_s42,R_all,TYPE_R,True,recompute,544.32200771,544.32200771,0.000000e+00
rand_n20_m20_d3_s42,R_all,TYPE_R,True,recompute,544.32200771,544.32200771,0.000000e+00
rand_n20_m20_d3_s42,R_all,TYPE_R,True,recompute,544.32200771,544.32200771,0.000000e+00
rand_n20_m20_d3_s42,C_small,TYPE_C,False,recompute,523.30818428,523.30818428,4.344929e-16
rand_n20_m20_d3_s42,C_small,TYPE_C,False,recompute,523.30818428,523.30818428,4.344929e-16
rand_n20_m20_d3_s42,C_small,TYPE_C,False,recompute,523.30818428,523.30818428,4.344929e-16
rand_n20_m20_d3_s42,C_medium,TYPE_C,False,warm_start,518.97927516,518.97927516,2.190585e-16
rand_n20_m20_d3_s42,C_medium,TYPE_C,False,warm_start,518.97927516,518.97927516,2.190585e-16
rand_n20_m20_d3_s42,RC_small,TYPE_RC,False,recompute,528.74293597,528.74293597,0.000000e+00
rand_n20_m20_d3_s42,RC_small,TYPE_RC,False,recompute,528.74293597,528.74293597,0.000000e+00
rand_n20_m20_d3_s42,RC_small,TYPE_RC,False,recompute,528.74293597,528.74293597,0.000000e+00
rand_n20_m20_d3_s42,RC_medium,TYPE_RC,False,recompute,539.52594496,539.52594496,0.000000e+00
rand_n20_m20_d3_s42,RC_medium,TYPE_RC,False,recompute,539.52594496,539.52594496,0.000000e+00
rand_n20_m20_d3_s123,R_small,TYPE_R,False,recompute,663.77767890,663.77767890,0.000000e+00
rand_n20_m20_d3_s123,R_small,TYPE_R,False,recompute,663.77767890,663.77767890,0.000000e+00
rand_n20_m20_d3_s123,R_small,TYPE_R,False,recompute,663.77767890,663.77767890,0.000000e+00
rand_n20_m20_d3_s123,R_medium,TYPE_R,True,recompute,657.47987225,657.47987225,0.000000e+00
rand_n20_m20_d3_s123,R_medium,TYPE_R,True,recompute,657.47987225,657.47987225,0.000000e+00
rand_n20_m20_d3_s123,R_single,TYPE_R,False,recompute,665.87694686,665.87694686,0.000000e+00
rand_n20_m20_d3_s123,R_single,TYPE_R,False,recompute,665.87694686,665.87694686,0.000000e+00
rand_n20_m20_d3_s123,R_single,TYPE_R,False,recompute,665.87694686,665.87694686,0.000000e+00
rand_n20_m20_d3_s123,C_small,TYPE_C,False,recompute,669.47361227,669.47361227,1.698153e-16
rand_n20_m20_d3_s123,C_small,TYPE_C,False,recompute,669.47361227,669.47361227,1.698153e-16
rand_n20_m20_d3_s123,C_small,TYPE_C,False,recompute,669.47361227,669.47361227,1.698153e-16
rand_n20_m20_d3_s123,C_medium,TYPE_C,False,recompute,680.26358505,680.26358505,3.342435e-16
rand_n20_m20_d3_s123,C_medium,TYPE_C,False,recompute,680.26358505,680.26358505,3.342435e-16
rand_n20_m20_d3_s123,C_medium,TYPE_C,False,recompute,680.26358505,680.26358505,3.342435e-16
rand_n20_m20_d3_s123,C_large,TYPE_C,False,recompute,701.84356505,701.84356505,1.619832e-16
rand_n20_m20_d3_s123,C_large,TYPE_C,False,recompute,701.84356505,701.84356505,1.619832e-16
rand_n20_m20_d3_s123,C_large,TYPE_C,False,recompute,701.84356505,701.84356505,1.619832e-16
rand_n20_m20_d3_s123,RC_small,TYPE_RC,False,recompute,661.53177141,661.53177141,5.155618e-16
rand_n20_m20_d3_s123,RC_small,TYPE_RC,False,recompute,661.53177141,661.53177141,5.155618e-16
rand_n20_m20_d3_s123,RC_small,TYPE_RC,False,recompute,661.53177141,661.53177141,5.155618e-16
rand_n20_m20_d3_s123,RC_medium,TYPE_RC,True,recompute,648.19783528,648.19783528,1.753891e-16
rand_n20_m20_d3_s123,RC_medium,TYPE_RC,True,recompute,648.19783528,648.19783528,1.753891e-16
rand_n20_m20_d3_s123,RC_asym_bc,TYPE_RC,False,recompute,641.31877243,641.31877243,5.318112e-16
rand_n20_m20_d3_s456,R_single,TYPE_R,False,recompute,656.93257550,656.93257550,3.461142e-16
rand_n20_m20_d3_s456,R_single,TYPE_R,False,recompute,656.93257550,656.93257550,3.461142e-16
rand_n20_m20_d3_s456,C_small,TYPE_C,False,recompute,660.02787910,660.02787910,0.000000e+00
rand_n20_m20_d3_s456,C_small,TYPE_C,False,recompute,660.02787910,660.02787910,0.000000e+00
rand_n20_m20_d3_s456,C_small,TYPE_C,False,recompute,660.02787910,660.02787910,0.000000e+00
rand_n20_m20_d3_s456,R_single,TYPE_R,False,recompute,656.93257550,656.93257550,3.461142e-16
rand_n20_m20_d3_s456,C_medium,TYPE_C,False,recompute,650.21720370,650.21720370,1.748444e-16
rand_n20_m20_d3_s456,C_medium,TYPE_C,False,recompute,650.21720370,650.21720370,1.748444e-16
rand_n20_m20_d3_s456,C_medium,TYPE_C,False,recompute,650.21720370,650.21720370,1.748444e-16
rand_n20_m20_d3_s456,C_large,TYPE_C,False,recompute,630.59586695,630.59586695,0.000000e+00
rand_n20_m20_d3_s789,R_small,TYPE_R,False,recompute,368.52683089,368.52683089,4.627350e-16
rand_n20_m20_d3_s789,R_small,TYPE_R,True,recompute,368.52683089,368.52683089,4.627350e-16
rand_n20_m20_d3_s789,R_single,TYPE_R,False,recompute,366.06381567,366.06381567,3.105656e-16
rand_n20_m20_d3_s789,R_single,TYPE_R,False,recompute,366.06381567,366.06381567,3.105656e-16
rand_n20_m20_d3_s1024,R_small,TYPE_R,False,recompute,628.71248521,628.71248521,3.616497e-16
rand_n20_m20_d3_s1024,R_small,TYPE_R,False,recompute,628.71248521,628.71248521,3.616497e-16
rand_n20_m20_d3_s1024,R_small,TYPE_R,False,recompute,628.71248521,628.71248521,3.616497e-16
rand_n20_m20_d3_s1024,R_single,TYPE_R,False,warm_start_dual,624.53407747,624.53407747,0.000000e+00
rand_n20_m20_d3_s1024,R_single,TYPE_R,False,warm_start_dual,624.53407747,624.53407747,0.000000e+00
rand_n20_m20_d5_s42,R_small,TYPE_R,False,recompute,459.77904183,459.77904183,6.181602e-16
rand_n20_m20_d5_s42,R_small,TYPE_R,False,recompute,459.77904183,459.77904183,6.181602e-16
rand_n20_m20_d5_s42,R_single,TYPE_R,False,recompute,460.85819087,460.85819087,3.700276e-16
rand_n20_m20_d5_s42,R_single,TYPE_R,False,recompute,460.85819087,460.85819087,3.700276e-16
rand_n20_m20_d5_s42,C_small,TYPE_C,False,warm_start,458.69894117,458.69894117,1.239232e-16
rand_n20_m20_d5_s42,RC_small,TYPE_RC,False,recompute,462.84845473,462.84845473,1.228122e-16
rand_n20_m20_d5_s123,R_small,TYPE_R,False,recompute,665.99676258,665.99676258,1.707018e-16
rand_n20_m20_d5_s123,R_small,TYPE_R,False,recompute,665.99676258,665.99676258,1.707018e-16
rand_n20_m20_d5_s123,R_medium,TYPE_R,False,recompute,665.57675864,665.57675864,1.708095e-16
rand_n20_m20_d5_s123,R_small,TYPE_R,False,recompute,665.99676258,665.99676258,1.707018e-16
rand_n20_m20_d5_s123,R_medium,TYPE_R,False,recompute,665.57675864,665.57675864,1.708095e-16
rand_n20_m20_d5_s123,R_large,TYPE_R,True,recompute,664.73674402,664.73674402,0.000000e+00
rand_n20_m20_d5_s123,R_large,TYPE_R,False,recompute,664.73674402,664.73674402,0.000000e+00
rand_n20_m20_d5_s123,R_single,TYPE_R,False,recompute,666.13676691,666.13676691,0.000000e+00
rand_n20_m20_d5_s123,R_single,TYPE_R,False,recompute,666.13676691,666.13676691,0.000000e+00
rand_n20_m20_d5_s123,R_single,TYPE_R,False,recompute,666.13676691,666.13676691,0.000000e+00
rand_n20_m20_d5_s123,R_all,TYPE_R,True,recompute,675.09547981,675.09547981,0.000000e+00
rand_n20_m20_d5_s123,R_all,TYPE_R,True,recompute,675.09547981,675.09547981,0.000000e+00
rand_n20_m20_d5_s123,R_all,TYPE_R,True,recompute,675.09547981,675.09547981,0.000000e+00
rand_n20_m20_d5_s123,C_small,TYPE_C,False,recompute,669.65737096,669.65737096,1.697687e-16
rand_n20_m20_d5_s123,C_small,TYPE_C,False,recompute,669.65737096,669.65737096,1.697687e-16
rand_n20_m20_d5_s123,C_small,TYPE_C,False,recompute,669.65737096,669.65737096,1.697687e-16
rand_n20_m20_d5_s123,C_medium,TYPE_C,False,warm_start,680.42200667,680.42200667,0.000000e+00
rand_n20_m20_d5_s123,RC_small,TYPE_RC,False,recompute,662.66769110,662.66769110,0.000000e+00
rand_n20_m20_d5_s123,RC_small,TYPE_RC,False,recompute,662.66769110,662.66769110,0.000000e+00
rand_n20_m20_d5_s123,RC_medium,TYPE_RC,False,recompute,652.13695861,652.13695861,3.486594e-16
rand_n20_m20_d5_s123,RC_medium,TYPE_RC,False,recompute,652.13695861,652.13695861,3.486594e-16
rand_n20_m20_d5_s123,RC_small,TYPE_RC,False,recompute,662.66769110,662.66769110,0.000000e+00
rand_n20_m20_d5_s123,RC_asym_cb,TYPE_RC,False,recompute,661.31499371,661.31499371,0.000000e+00
rand_n20_m20_d5_s123,RC_asym_cb,TYPE_RC,True,recompute,661.31499371,661.31499371,0.000000e+00
rand_n20_m20_d5_s456,R_small,TYPE_R,True,recompute,707.18523347,707.18523347,1.607596e-16
rand_n20_m20_d5_s456,R_single,TYPE_R,False,warm_start_dual,694.89948227,694.89948227,1.636018e-16
rand_n20_m20_d5_s456,C_small,TYPE_C,False,recompute,711.96967073,711.96967073,1.596793e-16
rand_n20_m20_d5_s456,C_small,TYPE_C,False,recompute,711.96967073,711.96967073,1.596793e-16
rand_n20_m20_d5_s456,R_single,TYPE_R,False,warm_start_dual,694.89948227,694.89948227,1.636018e-16
rand_n20_m20_d5_s456,C_small,TYPE_C,False,recompute,711.96967073,711.96967073,1.596793e-16
rand_n20_m20_d5_s456,C_medium,TYPE_C,False,warm_start,703.67940582,703.67940582,1.615606e-16
rand_n20_m20_d5_s456,RC_small,TYPE_RC,True,recompute,711.11627082,711.11627082,4.796129e-16
rand_n20_m20_d5_s789,R_single,TYPE_R,False,recompute,343.70908479,343.70908479,3.307647e-16
rand_n20_m20_d5_s789,C_small,TYPE_C,False,recompute,343.22482191,343.22482191,0.000000e+00
rand_n20_m20_d5_s1024,R_small,TYPE_R,False,recompute,663.67854193,663.67854193,5.138941e-16
rand_n20_m20_d5_s1024,R_single,TYPE_R,True,recompute,660.30566824,660.30566824,1.721730e-16
rand_n20_m20_d5_s1024,R_single,TYPE_R,False,recompute,660.30566824,660.30566824,1.721730e-16
rand_n20_m20_d5_s1024,R_single,TYPE_R,False,recompute,660.30566824,660.30566824,1.721730e-16
rand_n20_m20_d8_s42,R_small,TYPE_R,False,recompute,405.47394603,405.47394603,2.803801e-16
rand_n20_m20_d8_s42,R_single,TYPE_R,False,recompute,406.64688384,406.64688384,1.397857e-16
rand_n20_m20_d8_s42,R_single,TYPE_R,False,recompute,406.64688384,406.64688384,1.397857e-16
rand_n20_m20_d8_s42,C_small,TYPE_C,False,recompute,404.80134396,404.80134396,1.404230e-16
rand_n20_m20_d8_s42,RC_small,TYPE_RC,False,recompute,408.21753330,408.21753330,1.392479e-16
rand_n20_m20_d8_s123,R_small,TYPE_R,False,recompute,627.62860798,627.62860798,1.811371e-16
rand_n20_m20_d8_s123,R_small,TYPE_R,False,recompute,627.62860798,627.62860798,1.811371e-16
rand_n20_m20_d8_s123,R_small,TYPE_R,False,recompute,627.62860798,627.62860798,1.811371e-16
rand_n20_m20_d8_s123,R_medium,TYPE_R,False,recompute,626.80034217,626.80034217,5.441294e-16
rand_n20_m20_d8_s123,R_large,TYPE_R,False,warm_start_dual,624.89239499,624.89239499,0.000000e+00
rand_n20_m20_d8_s123,R_single,TYPE_R,False,recompute,627.90469529,627.90469529,3.621149e-16
rand_n20_m20_d8_s123,R_all,TYPE_R,True,recompute,639.36584534,639.36584534,3.556237e-16
rand_n20_m20_d8_s123,R_single,TYPE_R,False,recompute,627.90469529,627.90469529,3.621149e-16
rand_n20_m20_d8_s123,R_single,TYPE_R,False,recompute,627.90469529,627.90469529,3.621149e-16
rand_n20_m20_d8_s123,R_all,TYPE_R,True,recompute,639.36584534,639.36584534,3.556237e-16
rand_n20_m20_d8_s123,R_all,TYPE_R,True,recompute,639.36584534,639.36584534,3.556237e-16
rand_n20_m20_d8_s123,C_small,TYPE_C,False,recompute,631.01207081,631.01207081,3.603317e-16
rand_n20_m20_d8_s123,C_small,TYPE_C,False,recompute,631.01207081,631.01207081,3.603317e-16
rand_n20_m20_d8_s123,C_small,TYPE_C,False,recompute,631.01207081,631.01207081,3.603317e-16
rand_n20_m20_d8_s123,C_medium,TYPE_C,False,recompute,640.33412340,640.33412340,5.326290e-16
rand_n20_m20_d8_s123,C_medium,TYPE_C,False,recompute,640.33412340,640.33412340,5.326290e-16
rand_n20_m20_d8_s123,C_medium,TYPE_C,False,recompute,640.33412340,640.33412340,5.326290e-16
rand_n20_m20_d8_s123,C_large,TYPE_C,False,recompute,658.97832105,658.97832105,3.450397e-16
rand_n20_m20_d8_s123,C_large,TYPE_C,False,recompute,658.97832105,658.97832105,3.450397e-16
rand_n20_m20_d8_s123,RC_small,TYPE_RC,False,recompute,625.78633854,625.78633854,5.450111e-16
rand_n20_m20_d8_s123,RC_small,TYPE_RC,False,recompute,625.78633854,625.78633854,5.450111e-16
rand_n20_m20_d8_s123,RC_small,TYPE_RC,False,recompute,625.78633854,625.78633854,5.450111e-16
rand_n20_m20_d8_s123,RC_medium,TYPE_RC,False,recompute,619.43801689,619.43801689,1.835322e-16
rand_n20_m20_d8_s123,RC_asym_bc,TYPE_RC,False,recompute,609.20593271,609.20593271,5.598444e-16
rand_n20_m20_d8_s123,RC_asym_cb,TYPE_RC,False,warm_start_dual,623.04888009,623.04888009,0.000000e+00
rand_n20_m20_d8_s456,R_single,TYPE_R,False,warm_start_dual,688.50814839,688.50814839,4.953616e-16
rand_n20_m20_d8_s456,R_single,TYPE_R,False,warm_start_dual,688.50814839,688.50814839,4.953616e-16
rand_n20_m20_d8_s456,C_small,TYPE_C,False,recompute,705.91867053,705.91867053,1.127336e-15
rand_n20_m20_d8_s456,C_small,TYPE_C,False,recompute,705.91867053,705.91867053,1.127336e-15
rand_n20_m20_d8_s789,R_small,TYPE_R,False,recompute,409.33040714,409.33040714,1.388693e-16
rand_n20_m20_d8_s789,R_small,TYPE_R,False,recompute,409.33040714,409.33040714,1.388693e-16
rand_n20_m20_d8_s789,R_small,TYPE_R,False,recompute,409.33040714,409.33040714,1.388693e-16
rand_n20_m20_d8_s789,R_medium,TYPE_R,False,warm_start_dual,410.99839319,410.99839319,0.000000e+00
rand_n20_m20_d8_s789,R_large,TYPE_R,True,warm_start_dual,406.42691619,406.42691619,0.000000e+00
rand_n20_m20_d8_s789,R_single,TYPE_R,False,recompute,407.85372760,407.85372760,0.000000e+00
rand_n20_m20_d8_s789,R_all,TYPE_R,True,warm_start_dual,427.56754128,427.56754128,2.658921e-16
rand_n20_m20_d8_s789,R_all,TYPE_R,True,warm_start_dual,427.56754128,427.56754128,2.658921e-16
rand_n20_m20_d8_s789,R_all,TYPE_R,True,warm_start_dual,427.56754128,427.56754128,2.658921e-16
rand_n20_m20_d8_s789,C_small,TYPE_C,False,recompute,407.91090580,407.91090580,1.393525e-16
rand_n20_m20_d8_s789,R_single,TYPE_R,False,recompute,407.85372760,407.85372760,0.000000e+00
rand_n20_m20_d8_s789,C_medium,TYPE_C,False,recompute,408.08235682,408.08235682,1.392940e-16
rand_n20_m20_d8_s789,C_small,TYPE_C,False,recompute,407.91090580,407.91090580,1.393525e-16
rand_n20_m20_d8_s789,C_small,TYPE_C,False,recompute,407.91090580,407.91090580,1.393525e-16
rand_n20_m20_d8_s789,C_medium,TYPE_C,False,recompute,408.08235682,408.08235682,1.392940e-16
rand_n20_m20_d8_s789,C_large,TYPE_C,True,warm_start,416.19925522,416.19925522,1.365774e-16
rand_n20_m20_d8_s789,C_medium,TYPE_C,False,recompute,408.08235682,408.08235682,1.392940e-16
rand_n20_m20_d8_s789,C_large,TYPE_C,False,warm_start,416.19925522,416.19925522,1.365774e-16
rand_n20_m20_d8_s789,C_large,TYPE_C,False,warm_start,416.19925522,416.19925522,1.365774e-16
rand_n20_m20_d8_s789,RC_small,TYPE_RC,False,recompute,410.70679242,410.70679242,1.384039e-16
rand_n20_m20_d8_s789,RC_small,TYPE_RC,False,recompute,410.70679242,410.70679242,1.384039e-16
rand_n20_m20_d8_s789,RC_medium,TYPE_RC,True,warm_start_dual,416.65298475,416.65298475,1.364287e-16
rand_n20_m20_d8_s789,RC_small,TYPE_RC,False,recompute,410.70679242,410.70679242,1.384039e-16
rand_n20_m20_d8_s789,RC_asym_bc,TYPE_RC,False,warm_start,423.71320605,423.71320605,0.000000e+00
rand_n20_m20_d8_s789,RC_asym_bc,TYPE_RC,False,warm_start,423.71320605,423.71320605,0.000000e+00
rand_n20_m20_d8_s1024,R_small,TYPE_R,False,recompute,626.13780159,626.13780159,1.815684e-16
rand_n20_m20_d8_s789,RC_asym_cb,TYPE_RC,True,warm_start_dual,407.73350595,407.73350595,0.000000e+00
rand_n20_m20_d8_s1024,R_medium,TYPE_R,False,recompute,624.01431907,624.01431907,0.000000e+00
rand_n20_m20_d8_s1024,R_small,TYPE_R,False,recompute,626.13780159,626.13780159,1.815684e-16
rand_n20_m20_d8_s1024,R_small,TYPE_R,False,recompute,626.13780159,626.13780159,1.815684e-16
rand_n20_m20_d8_s1024,R_medium,TYPE_R,False,recompute,624.01431907,624.01431907,0.000000e+00
rand_n20_m20_d8_s1024,R_medium,TYPE_R,False,recompute,624.01431907,624.01431907,0.000000e+00
rand_n20_m20_d8_s1024,R_single,TYPE_R,False,recompute,626.30997312,626.30997312,0.000000e+00
rand_n20_m20_d8_s1024,R_single,TYPE_R,False,recompute,626.30997312,626.30997312,0.000000e+00
rand_n20_m20_d8_s1024,R_single,TYPE_R,False,recompute,626.30997312,626.30997312,0.000000e+00
rand_n20_m20_d8_s1024,R_all,TYPE_R,True,recompute,648.11170264,648.11170264,1.754124e-16
rand_n20_m20_d8_s1024,R_all,TYPE_R,True,recompute,648.11170264,648.11170264,1.754124e-16
rand_n20_m20_d8_s1024,R_all,TYPE_R,True,recompute,648.11170264,648.11170264,1.754124e-16
rand_n20_m20_d8_s1024,C_small,TYPE_C,False,recompute,620.01998981,620.01998981,0.000000e+00
rand_n20_m20_d8_s1024,C_small,TYPE_C,False,recompute,620.01998981,620.01998981,0.000000e+00
rand_n20_m20_d8_s1024,C_small,TYPE_C,False,recompute,620.01998981,620.01998981,0.000000e+00
rand_n20_m20_d8_s1024,RC_small,TYPE_RC,False,recompute,627.72395061,627.72395061,3.622192e-16
rand_n20_m20_d8_s1024,RC_small,TYPE_RC,False,recompute,627.72395061,627.72395061,3.622192e-16
rand_n20_m40_d3_s42,R_small,TYPE_R,True,recompute,408.32618515,408.32618515,0.000000e+00
rand_n20_m40_d3_s42,R_small,TYPE_R,False,recompute,408.32618515,408.32618515,0.000000e+00
rand_n20_m40_d3_s42,R_single,TYPE_R,False,warm_start_dual,400.15443164,400.15443164,2.841074e-16
rand_n20_m40_d3_s42,R_single,TYPE_R,False,warm_start_dual,400.15443164,400.15443164,2.841074e-16
rand_n20_m40_d3_s42,C_small,TYPE_C,False,recompute,412.47654795,412.47654795,4.134302e-16
rand_n20_m40_d3_s42,C_small,TYPE_C,False,recompute,412.47654795,412.47654795,4.134302e-16
rand_n20_m40_d3_s42,C_small,TYPE_C,False,recompute,412.47654795,412.47654795,4.134302e-16
rand_n20_m40_d3_s42,C_medium,TYPE_C,False,recompute,414.15401861,414.15401861,1.372519e-16
rand_n20_m40_d3_s42,C_medium,TYPE_C,False,recompute,414.15401861,414.15401861,1.372519e-16
rand_n20_m40_d3_s42,C_large,TYPE_C,False,warm_start,419.56085141,419.56085141,1.354831e-16
rand_n20_m40_d3_s42,RC_small,TYPE_RC,True,recompute,410.29252337,410.29252337,1.385436e-16
rand_n20_m40_d3_s42,RC_small,TYPE_RC,False,recompute,410.29252337,410.29252337,1.385436e-16
rand_n20_m40_d3_s123,R_small,TYPE_R,True,warm_start_dual,546.15867615,546.15867615,4.163143e-16
rand_n20_m40_d3_s123,R_single,TYPE_R,False,recompute,541.91378481,541.91378481,0.000000e+00
rand_n20_m40_d3_s123,R_single,TYPE_R,False,recompute,541.91378481,541.91378481,0.000000e+00
rand_n20_m40_d3_s123,R_single,TYPE_R,False,recompute,541.91378481,541.91378481,0.000000e+00
rand_n20_m40_d3_s123,C_small,TYPE_C,False,recompute,542.36772884,542.36772884,0.000000e+00
rand_n20_m40_d3_s123,C_small,TYPE_C,False,recompute,542.36772884,542.36772884,0.000000e+00
rand_n20_m40_d3_s123,C_small,TYPE_C,False,recompute,542.36772884,542.36772884,0.000000e+00
rand_n20_m40_d3_s123,C_medium,TYPE_C,False,recompute,543.72947835,543.72947835,2.090871e-16
rand_n20_m40_d3_s123,C_medium,TYPE_C,False,recompute,543.72947835,543.72947835,2.090871e-16
rand_n20_m40_d3_s123,C_medium,TYPE_C,False,recompute,543.72947835,543.72947835,2.090871e-16
rand_n20_m40_d3_s123,C_large,TYPE_C,False,recompute,546.45309297,546.45309297,0.000000e+00
rand_n20_m40_d3_s123,RC_small,TYPE_RC,True,warm_start_dual,549.87101396,549.87101396,2.067518e-16
rand_n20_m40_d3_s456,R_single,TYPE_R,False,warm_start_dual,703.54866146,703.54866146,3.231812e-16
rand_n20_m40_d3_s456,R_single,TYPE_R,False,warm_start_dual,703.54866146,703.54866146,3.231812e-16
rand_n20_m40_d3_s456,C_small,TYPE_C,False,recompute,714.00344784,714.00344784,4.776735e-16
rand_n20_m40_d3_s456,C_small,TYPE_C,False,recompute,714.00344784,714.00344784,4.776735e-16
rand_n20_m40_d3_s789,R_small,TYPE_R,False,warm_start_dual,511.38295879,511.38295879,0.000000e+00
rand_n20_m40_d3_s789,R_small,TYPE_R,False,warm_start_dual,511.38295879,511.38295879,0.000000e+00
rand_n20_m40_d3_s789,R_small,TYPE_R,True,warm_start_dual,511.38295879,511.38295879,0.000000e+00
rand_n20_m40_d3_s789,R_medium,TYPE_R,False,warm_start_dual,500.14061056,500.14061056,3.409646e-16
rand_n20_m40_d3_s789,R_single,TYPE_R,False,recompute,512.60671053,512.60671053,4.435636e-16
rand_n20_m40_d3_s789,R_single,TYPE_R,False,recompute,512.60671053,512.60671053,4.435636e-16
rand_n20_m40_d3_s789,C_small,TYPE_C,False,recompute,511.46191047,511.46191047,5.556955e-16
rand_n20_m40_d3_s789,C_small,TYPE_C,False,recompute,511.46191047,511.46191047,5.556955e-16
rand_n20_m40_d3_s789,C_small,TYPE_C,False,recompute,511.46191047,511.46191047,5.556955e-16
rand_n20_m40_d3_s789,C_medium,TYPE_C,False,recompute,508.02765114,508.02765114,2.237808e-16
rand_n20_m40_d3_s789,C_medium,TYPE_C,False,recompute,508.02765114,508.02765114,2.237808e-16
rand_n20_m40_d3_s789,C_medium,TYPE_C,False,recompute,508.02765114,508.02765114,2.237808e-16
rand_n20_m40_d3_s789,C_large,TYPE_C,False,warm_start,501.36923752,501.36923752,2.267527e-16
rand_n20_m40_d3_s789,RC_small,TYPE_RC,True,warm_start_dual,509.54915334,509.54915334,0.000000e+00
rand_n20_m40_d3_s789,RC_small,TYPE_RC,False,warm_start_dual,509.54915334,509.54915334,0.000000e+00
rand_n20_m40_d3_s789,RC_small,TYPE_RC,False,warm_start_dual,509.54915334,509.54915334,0.000000e+00
rand_n20_m40_d3_s789,RC_medium,TYPE_RC,False,warm_start_dual,493.91450614,493.91450614,2.301751e-16
rand_n20_m40_d3_s1024,R_single,TYPE_R,False,warm_start_dual,360.06795275,360.06795275,0.000000e+00
rand_n20_m40_d3_s1024,C_small,TYPE_C,False,recompute,358.54230683,358.54230683,4.756210e-16
rand_n20_m40_d5_s42,R_small,TYPE_R,True,warm_start_dual,415.06973639,415.06973639,0.000000e+00
rand_n20_m40_d5_s42,R_single,TYPE_R,True,recompute,409.07667221,409.07667221,1.389554e-16
rand_n20_m40_d5_s42,R_single,TYPE_R,False,recompute,409.07667221,409.07667221,1.389554e-16
rand_n20_m40_d5_s42,R_single,TYPE_R,False,recompute,409.07667221,409.07667221,1.389554e-16
rand_n20_m40_d5_s123,R_single,TYPE_R,False,warm_start_dual,554.79908986,554.79908986,2.049153e-16
rand_n20_m40_d5_s456,R_single,TYPE_R,False,warm_start_dual,603.07797494,603.07797494,1.885110e-16
rand_n20_m40_d5_s456,R_single,TYPE_R,False,warm_start_dual,603.07797494,603.07797494,1.885110e-16
rand_n20_m40_d5_s456,C_small,TYPE_C,False,recompute,607.29771878,607.29771878,5.616035e-16
rand_n20_m40_d5_s456,C_small,TYPE_C,False,recompute,607.29771878,607.29771878,5.616035e-16
rand_n20_m40_d5_s456,C_medium,TYPE_C,False,recompute,614.76444605,614.76444605,0.000000e+00
rand_n20_m40_d5_s456,C_small,TYPE_C,False,recompute,607.29771878,607.29771878,5.616035e-16
rand_n20_m40_d5_s456,C_medium,TYPE_C,False,recompute,614.76444605,614.76444605,0.000000e+00
rand_n20_m40_d5_s456,C_medium,TYPE_C,False,recompute,614.76444605,614.76444605,0.000000e+00
rand_n20_m40_d5_s789,R_single,TYPE_R,False,recompute,389.85447982,389.85447982,8.748406e-16
rand_n20_m40_d5_s789,R_single,TYPE_R,True,recompute,389.85447982,389.85447982,8.748406e-16
rand_n20_m40_d5_s1024,R_single,TYPE_R,False,warm_start_dual,380.86068611,380.86068611,2.984998e-16
rand_n20_m40_d5_s1024,R_single,TYPE_R,False,warm_start_dual,380.86068611,380.86068611,2.984998e-16
rand_n20_m40_d5_s1024,C_small,TYPE_C,False,recompute,399.78542642,399.78542642,5.687393e-16
rand_n20_m40_d5_s1024,C_small,TYPE_C,False,recompute,399.78542642,399.78542642,5.687393e-16
rand_n20_m40_d5_s1024,C_medium,TYPE_C,False,recompute,390.57742485,390.57742485,4.366106e-16
rand_n20_m40_d5_s1024,C_small,TYPE_C,False,recompute,399.78542642,399.78542642,5.687393e-16
rand_n20_m40_d5_s1024,C_medium,TYPE_C,False,recompute,390.57742485,390.57742485,4.366106e-16
rand_n20_m40_d5_s1024,C_medium,TYPE_C,False,recompute,390.57742485,390.57742485,4.366106e-16
rand_n20_m40_d8_s42,R_single,TYPE_R,False,warm_start_dual,383.11625418,383.11625418,1.483712e-16
rand_n20_m40_d8_s42,R_single,TYPE_R,False,warm_start_dual,383.11625418,383.11625418,1.483712e-16
rand_n20_m40_d8_s42,C_small,TYPE_C,False,recompute,407.94752271,407.94752271,0.000000e+00
rand_n20_m40_d8_s42,C_small,TYPE_C,False,recompute,407.94752271,407.94752271,0.000000e+00
rand_n20_m40_d8_s123,R_small,TYPE_R,False,recompute,584.86733486,584.86733486,1.943806e-16
rand_n20_m40_d8_s123,R_single,TYPE_R,False,recompute,584.58959113,584.58959113,1.944729e-16
rand_n20_m40_d8_s123,R_single,TYPE_R,False,recompute,584.58959113,584.58959113,1.944729e-16
rand_n20_m40_d8_s123,R_single,TYPE_R,False,recompute,584.58959113,584.58959113,1.944729e-16
rand_n20_m40_d8_s123,C_small,TYPE_C,False,warm_start,585.29424545,585.29424545,0.000000e+00
rand_n20_m40_d8_s456,R_single,TYPE_R,False,warm_start_dual,592.40759898,592.40759898,9.595322e-16
rand_n20_m40_d8_s456,R_single,TYPE_R,False,warm_start_dual,592.40759898,592.40759898,9.595322e-16
rand_n20_m40_d8_s456,C_small,TYPE_C,False,warm_start,607.50503973,607.50503973,5.614118e-16
rand_n20_m40_d8_s789,R_small,TYPE_R,False,warm_start_dual,404.37581683,404.37581683,1.405708e-16
rand_n20_m40_d8_s789,R_single,TYPE_R,False,recompute,404.30574925,404.30574925,2.811903e-16
rand_n20_m40_d8_s789,R_single,TYPE_R,False,recompute,404.30574925,404.30574925,2.811903e-16
rand_n20_m40_d8_s789,R_single,TYPE_R,False,recompute,404.30574925,404.30574925,2.811903e-16
rand_n20_m40_d8_s789,C_small,TYPE_C,False,recompute,403.37876739,403.37876739,0.000000e+00
rand_n20_m40_d8_s789,C_small,TYPE_C,False,recompute,403.37876739,403.37876739,0.000000e+00
rand_n20_m40_d8_s789,C_small,TYPE_C,False,recompute,403.37876739,403.37876739,0.000000e+00
rand_n20_m40_d8_s789,C_medium,TYPE_C,False,recompute,400.59794263,400.59794263,4.256893e-16
rand_n20_m40_d8_s789,C_medium,TYPE_C,False,recompute,400.59794263,400.59794263,4.256893e-16
rand_n20_m40_d8_s789,C_medium,TYPE_C,False,recompute,400.59794263,400.59794263,4.256893e-16
rand_n20_m40_d8_s789,RC_small,TYPE_RC,False,warm_start_dual,402.33083375,402.33083375,5.651411e-16
rand_n20_m40_d8_s1024,R_single,TYPE_R,False,warm_start_dual,304.90293005,304.90293005,1.864312e-16
rand_n20_m40_d8_s1024,C_small,TYPE_C,False,recompute,322.50229891,322.50229891,3.525148e-16
rand_n20_m40_d8_s1024,C_small,TYPE_C,False,recompute,322.50229891,322.50229891,3.525148e-16
rand_n20_m40_d8_s1024,C_small,TYPE_C,False,recompute,322.50229891,322.50229891,3.525148e-16
rand_n50_m50_d3_s123,R_single,TYPE_R,False,warm_start_dual,1376.35957446,1376.35957446,1.651993e-16
rand_n50_m50_d3_s456,R_small,TYPE_R,False,warm_start_dual,1317.85326049,1317.85326049,3.450668e-16
rand_n50_m50_d3_s456,R_single,TYPE_R,False,recompute,1307.39204271,1307.39204271,1.739139e-16
rand_n50_m50_d3_s456,R_single,TYPE_R,False,recompute,1307.39204271,1307.39204271,1.739139e-16
rand_n50_m50_d3_s456,R_single,TYPE_R,False,recompute,1307.39204271,1307.39204271,1.739139e-16
rand_n50_m50_d3_s456,C_small,TYPE_C,False,recompute,1310.15843901,1310.15843901,1.735467e-16
rand_n50_m50_d3_s789,R_single,TYPE_R,False,warm_start_dual,1767.09636921,1767.09636921,0.000000e+00
rand_n50_m50_d3_s789,R_single,TYPE_R,False,warm_start_dual,1767.09636921,1767.09636921,0.000000e+00
rand_n50_m50_d3_s1024,R_single,TYPE_R,False,warm_start_dual,1330.23141430,1330.23141430,5.127837e-16
rand_n50_m50_d3_s1024,C_small,TYPE_C,False,recompute,1343.90708628,1343.90708628,1.353508e-15
rand_n50_m50_d3_s1024,C_small,TYPE_C,False,recompute,1343.90708628,1343.90708628,1.353508e-15
rand_n50_m50_d3_s1024,C_small,TYPE_C,False,recompute,1343.90708628,1343.90708628,1.353508e-15
rand_n50_m50_d5_s42,R_single,TYPE_R,False,warm_start_dual,1128.45218161,1128.45218161,0.000000e+00
rand_n50_m50_d5_s42,R_single,TYPE_R,False,warm_start_dual,1128.45218161,1128.45218161,0.000000e+00
rand_n50_m50_d5_s42,C_small,TYPE_C,False,recompute,1127.97647921,1127.97647921,4.031532e-16
rand_n50_m50_d5_s123,R_single,TYPE_R,False,recompute,1367.52907484,1367.52907484,1.163862e-15
rand_n50_m50_d5_s123,R_single,TYPE_R,False,recompute,1367.52907484,1367.52907484,1.163862e-15
rand_n50_m50_d5_s456,R_single,TYPE_R,False,warm_start_dual,1338.98724147,1338.98724147,3.396204e-16
rand_n50_m50_d5_s456,R_single,TYPE_R,False,warm_start_dual,1338.98724147,1338.98724147,3.396204e-16
rand_n50_m50_d5_s789,R_small,TYPE_R,False,recompute,1642.32651345,1642.32651345,1.384461e-16
rand_n50_m50_d5_s789,R_single,TYPE_R,False,recompute,1644.92637202,1644.92637202,1.382273e-16
rand_n50_m50_d5_s789,R_single,TYPE_R,False,recompute,1644.92637202,1644.92637202,1.382273e-16
rand_n50_m50_d5_s1024,R_small,TYPE_R,False,recompute,1397.91040922,1397.91040922,0.000000e+00
rand_n50_m50_d5_s1024,R_single,TYPE_R,False,recompute,1399.17391997,1399.17391997,0.000000e+00
rand_n50_m50_d5_s1024,R_single,TYPE_R,False,recompute,1399.17391997,1399.17391997,0.000000e+00
rand_n50_m50_d5_s1024,C_small,TYPE_C,False,recompute,1401.68633030,1401.68633030,4.866431e-16
rand_n50_m50_d5_s1024,C_small,TYPE_C,False,recompute,1401.68633030,1401.68633030,4.866431e-16
rand_n50_m50_d5_s1024,C_small,TYPE_C,False,recompute,1401.68633030,1401.68633030,4.866431e-16
rand_n50_m50_d5_s1024,C_medium,TYPE_C,False,warm_start,1411.66693031,1411.66693031,1.127473e-15
rand_n50_m50_d5_s1024,RC_small,TYPE_RC,False,recompute,1405.53048665,1405.53048665,3.235414e-16
rand_n50_m50_d8_s42,R_small,TYPE_R,False,recompute,1109.99873355,1109.99873355,2.048414e-16
rand_n50_m50_d8_s42,R_small,TYPE_R,False,recompute,1109.99873355,1109.99873355,2.048414e-16
rand_n50_m50_d8_s42,R_small,TYPE_R,False,recompute,1109.99873355,1109.99873355,2.048414e-16
rand_n50_m50_d8_s42,R_medium,TYPE_R,True,warm_start_dual,1090.04286853,1090.04286853,2.085915e-16
rand_n50_m50_d8_s42,R_single,TYPE_R,False,warm_start_dual,1103.95960104,1103.95960104,1.029810e-15
rand_n50_m50_d8_s42,C_small,TYPE_C,False,recompute,1113.99412296,1113.99412296,4.082134e-16
rand_n50_m50_d8_s123,C_small,TYPE_C,False,recompute,1362.66824562,1362.66824562,1.001155e-15
rand_n50_m50_d8_s123,C_small,TYPE_C,False,recompute,1362.66824562,1362.66824562,1.001155e-15
rand_n50_m50_d8_s123,C_small,TYPE_C,False,recompute,1362.66824562,1362.66824562,1.001155e-15
rand_n50_m50_d8_s456,R_single,TYPE_R,False,recompute,1249.05493083,1249.05493083,1.820366e-16
rand_n50_m50_d8_s456,R_single,TYPE_R,False,recompute,1249.05493083,1249.05493083,1.820366e-16
rand_n50_m50_d8_s456,R_single,TYPE_R,False,recompute,1249.05493083,1249.05493083,1.820366e-16
rand_n50_m50_d8_s789,R_single,TYPE_R,False,recompute,1510.14878656,1510.14878656,1.505638e-16
rand_n50_m50_d8_s1024,R_single,TYPE_R,False,recompute,1284.23500094,1284.23500094,7.081996e-16
rand_n50_m50_d8_s1024,R_single,TYPE_R,False,recompute,1284.23500094,1284.23500094,7.081996e-16
rand_n50_m50_d8_s1024,C_small,TYPE_C,False,warm_start,1286.48957430,1286.48957430,0.000000e+00
rand_n50_m100_d3_s42,R_single,TYPE_R,False,warm_start_dual,1044.70256101,1044.70256101,7.835199e-15
rand_n50_m100_d3_s42,C_small,TYPE_C,False,recompute,1048.18756638,1048.18756638,6.507624e-16
rand_n50_m100_d3_s42,C_small,TYPE_C,False,recompute,1048.18756638,1048.18756638,6.507624e-16
rand_n50_m100_d3_s123,R_single,TYPE_R,False,warm_start_dual,941.38895749,941.38895749,9.661200e-16
rand_n50_m100_d3_s456,R_single,TYPE_R,False,recompute,1241.49163580,1241.49163580,1.648310e-15
rand_n50_m100_d3_s456,R_single,TYPE_R,False,recompute,1241.49163580,1241.49163580,1.648310e-15
rand_n50_m100_d3_s789,R_single,TYPE_R,False,warm_start_dual,1149.98092904,1149.98092904,3.163512e-15
rand_n50_m100_d3_s1024,R_single,TYPE_R,False,recompute,1048.54664620,1048.54664620,1.951619e-15
rand_n50_m100_d3_s1024,R_single,TYPE_R,False,recompute,1048.54664620,1048.54664620,1.951619e-15
rand_n50_m100_d5_s42,R_small,TYPE_R,False,warm_start_dual,1026.32705274,1026.32705274,1.107706e-15
rand_n50_m100_d5_s42,R_single,TYPE_R,False,warm_start_dual,1041.70068593,1041.70068593,1.091358e-15
rand_n50_m100_d5_s42,C_small,TYPE_C,False,recompute,1046.55570904,1046.55570904,3.041626e-15
rand_n50_m100_d5_s42,C_small,TYPE_C,False,recompute,1046.55570904,1046.55570904,3.041626e-15
rand_n50_m100_d5_s42,C_small,TYPE_C,False,recompute,1046.55570904,1046.55570904,3.041626e-15
rand_n50_m100_d5_s123,R_single,TYPE_R,False,recompute,1037.28334899,1037.28334899,2.192011e-15
rand_n50_m100_d5_s123,R_single,TYPE_R,False,recompute,1037.28334899,1037.28334899,2.192011e-15
rand_n50_m100_d5_s123,C_small,TYPE_C,False,recompute,1048.67165328,1048.67165328,0.000000e+00
rand_n50_m100_d5_s123,C_small,TYPE_C,False,recompute,1048.67165328,1048.67165328,0.000000e+00
rand_n50_m100_d5_s123,C_small,TYPE_C,False,recompute,1048.67165328,1048.67165328,0.000000e+00
rand_n50_m100_d5_s123,C_medium,TYPE_C,False,warm_start,1084.68696534,1084.68696534,8.384859e-16
rand_n50_m100_d5_s456,R_single,TYPE_R,False,recompute,1076.19167901,1076.19167901,8.451048e-16
rand_n50_m100_d5_s456,R_single,TYPE_R,False,recompute,1076.19167901,1076.19167901,8.451048e-16
rand_n50_m100_d5_s1024,R_single,TYPE_R,False,recompute,1040.65333982,1040.65333982,1.310948e-15
rand_n50_m100_d5_s1024,R_single,TYPE_R,False,recompute,1040.65333982,1040.65333982,1.310948e-15
rand_n50_m100_d8_s42,R_single,TYPE_R,False,warm_start_dual,808.91173669,808.91173669,3.654117e-15
rand_n50_m100_d8_s42,C_small,TYPE_C,False,recompute,815.31611361,815.31611361,5.577559e-16
rand_n50_m100_d8_s42,C_small,TYPE_C,False,recompute,815.31611361,815.31611361,5.577559e-16
rand_n50_m100_d8_s42,C_small,TYPE_C,False,recompute,815.31611361,815.31611361,5.577559e-16
rand_n50_m100_d8_s123,R_single,TYPE_R,False,warm_start_dual,970.93661804,970.93661804,5.854493e-16
rand_n50_m100_d8_s123,C_small,TYPE_C,False,recompute,984.18641420,984.18641420,2.541297e-15
rand_n50_m100_d8_s456,R_single,TYPE_R,False,recompute,891.31088463,891.31088463,7.653009e-16
rand_n50_m100_d8_s456,R_single,TYPE_R,False,recompute,891.31088463,891.31088463,7.653009e-16
rand_n50_m100_d8_s789,R_single,TYPE_R,False,warm_start_dual,989.84574925,989.84574925,8.039716e-16
rand_n50_m100_d8_s1024,R_single,TYPE_R,False,recompute,1107.65268213,1107.65268213,5.952982e-15
rand_n50_m100_d8_s1024,R_single,TYPE_R,False,recompute,1107.65268213,1107.65268213,5.952982e-15
